engine,"{""version"" : ""17.9 (Debian 17.9-1.pgdg13+1)"", ""server_encoding"" : ""UTF8"", ""client_encoding"" : ""UTF8"", ""standard_conforming_strings"" : ""on"", ""transaction_isolation"" : ""repeatable read"", ""lc_collate"" : ""C"", ""lc_ctype"" : ""C""}"
props-decimal-1-0,guard,0
props-decimal-1-0,sum,1
props-decimal-1-0,guard,5
props-decimal-1-0,sum,__WEFT_NULL__
props-decimal-1-1,guard,0
props-decimal-1-1,sum,0.1
props-decimal-1-1,guard,5
props-decimal-1-1,sum,__WEFT_NULL__
props-decimal-2-0,guard,0
props-decimal-2-0,sum,1
props-decimal-2-0,guard,5
props-decimal-2-0,sum,__WEFT_NULL__
props-decimal-2-1,guard,0
props-decimal-2-1,sum,0.1
props-decimal-2-1,guard,5
props-decimal-2-1,sum,__WEFT_NULL__
props-decimal-2-2,guard,0
props-decimal-2-2,sum,0.01
props-decimal-2-2,guard,5
props-decimal-2-2,sum,__WEFT_NULL__
props-decimal-3-0,guard,0
props-decimal-3-0,sum,1
props-decimal-3-0,guard,5
props-decimal-3-0,sum,__WEFT_NULL__
props-decimal-3-1,guard,0
props-decimal-3-1,sum,0.1
props-decimal-3-1,guard,5
props-decimal-3-1,sum,__WEFT_NULL__
props-decimal-3-2,guard,0
props-decimal-3-2,sum,0.01
props-decimal-3-2,guard,5
props-decimal-3-2,sum,__WEFT_NULL__
props-decimal-3-3,guard,0
props-decimal-3-3,sum,0.001
props-decimal-3-3,guard,5
props-decimal-3-3,sum,__WEFT_NULL__
props-decimal-4-0,guard,0
props-decimal-4-0,sum,1
props-decimal-4-0,guard,5
props-decimal-4-0,sum,__WEFT_NULL__
props-decimal-4-1,guard,0
props-decimal-4-1,sum,0.1
props-decimal-4-1,guard,5
props-decimal-4-1,sum,__WEFT_NULL__
props-decimal-4-2,guard,0
props-decimal-4-2,sum,0.01
props-decimal-4-2,guard,5
props-decimal-4-2,sum,__WEFT_NULL__
props-decimal-4-3,guard,0
props-decimal-4-3,sum,0.001
props-decimal-4-3,guard,5
props-decimal-4-3,sum,__WEFT_NULL__
props-decimal-4-4,guard,0
props-decimal-4-4,sum,0.0001
props-decimal-4-4,guard,5
props-decimal-4-4,sum,__WEFT_NULL__
props-decimal-5-0,guard,0
props-decimal-5-0,sum,1
props-decimal-5-0,guard,5
props-decimal-5-0,sum,__WEFT_NULL__
props-decimal-5-1,guard,0
props-decimal-5-1,sum,0.1
props-decimal-5-1,guard,5
props-decimal-5-1,sum,__WEFT_NULL__
props-decimal-5-2,guard,0
props-decimal-5-2,sum,0.01
props-decimal-5-2,guard,5
props-decimal-5-2,sum,__WEFT_NULL__
props-decimal-5-3,guard,0
props-decimal-5-3,sum,0.001
props-decimal-5-3,guard,5
props-decimal-5-3,sum,__WEFT_NULL__
props-decimal-5-4,guard,0
props-decimal-5-4,sum,0.0001
props-decimal-5-4,guard,5
props-decimal-5-4,sum,__WEFT_NULL__
props-decimal-5-5,guard,0
props-decimal-5-5,sum,0.00001
props-decimal-5-5,guard,5
props-decimal-5-5,sum,__WEFT_NULL__
props-decimal-6-0,guard,0
props-decimal-6-0,sum,1
props-decimal-6-0,guard,5
props-decimal-6-0,sum,__WEFT_NULL__
props-decimal-6-1,guard,0
props-decimal-6-1,sum,0.1
props-decimal-6-1,guard,5
props-decimal-6-1,sum,__WEFT_NULL__
props-decimal-6-2,guard,0
props-decimal-6-2,sum,0.01
props-decimal-6-2,guard,5
props-decimal-6-2,sum,__WEFT_NULL__
props-decimal-6-3,guard,0
props-decimal-6-3,sum,0.001
props-decimal-6-3,guard,5
props-decimal-6-3,sum,__WEFT_NULL__
props-decimal-6-4,guard,0
props-decimal-6-4,sum,0.0001
props-decimal-6-4,guard,5
props-decimal-6-4,sum,__WEFT_NULL__
props-decimal-6-5,guard,0
props-decimal-6-5,sum,0.00001
props-decimal-6-5,guard,5
props-decimal-6-5,sum,__WEFT_NULL__
props-decimal-6-6,guard,0
props-decimal-6-6,sum,0.000001
props-decimal-6-6,guard,5
props-decimal-6-6,sum,__WEFT_NULL__
props-decimal-7-0,guard,0
props-decimal-7-0,sum,1
props-decimal-7-0,guard,5
props-decimal-7-0,sum,__WEFT_NULL__
props-decimal-7-1,guard,0
props-decimal-7-1,sum,0.1
props-decimal-7-1,guard,5
props-decimal-7-1,sum,__WEFT_NULL__
props-decimal-7-2,guard,0
props-decimal-7-2,sum,0.01
props-decimal-7-2,guard,5
props-decimal-7-2,sum,__WEFT_NULL__
props-decimal-7-3,guard,0
props-decimal-7-3,sum,0.001
props-decimal-7-3,guard,5
props-decimal-7-3,sum,__WEFT_NULL__
props-decimal-7-4,guard,0
props-decimal-7-4,sum,0.0001
props-decimal-7-4,guard,5
props-decimal-7-4,sum,__WEFT_NULL__
props-decimal-7-5,guard,0
props-decimal-7-5,sum,0.00001
props-decimal-7-5,guard,5
props-decimal-7-5,sum,__WEFT_NULL__
props-decimal-7-6,guard,0
props-decimal-7-6,sum,0.000001
props-decimal-7-6,guard,5
props-decimal-7-6,sum,__WEFT_NULL__
props-decimal-7-7,guard,0
props-decimal-7-7,sum,0.0000001
props-decimal-7-7,guard,5
props-decimal-7-7,sum,__WEFT_NULL__
props-decimal-8-0,guard,0
props-decimal-8-0,sum,1
props-decimal-8-0,guard,5
props-decimal-8-0,sum,__WEFT_NULL__
props-decimal-8-1,guard,0
props-decimal-8-1,sum,0.1
props-decimal-8-1,guard,5
props-decimal-8-1,sum,__WEFT_NULL__
props-decimal-8-2,guard,0
props-decimal-8-2,sum,0.01
props-decimal-8-2,guard,5
props-decimal-8-2,sum,__WEFT_NULL__
props-decimal-8-3,guard,0
props-decimal-8-3,sum,0.001
props-decimal-8-3,guard,5
props-decimal-8-3,sum,__WEFT_NULL__
props-decimal-8-4,guard,0
props-decimal-8-4,sum,0.0001
props-decimal-8-4,guard,5
props-decimal-8-4,sum,__WEFT_NULL__
props-decimal-8-5,guard,0
props-decimal-8-5,sum,0.00001
props-decimal-8-5,guard,5
props-decimal-8-5,sum,__WEFT_NULL__
props-decimal-8-6,guard,0
props-decimal-8-6,sum,0.000001
props-decimal-8-6,guard,5
props-decimal-8-6,sum,__WEFT_NULL__
props-decimal-8-7,guard,0
props-decimal-8-7,sum,0.0000001
props-decimal-8-7,guard,5
props-decimal-8-7,sum,__WEFT_NULL__
props-decimal-8-8,guard,0
props-decimal-8-8,sum,0.00000001
props-decimal-8-8,guard,5
props-decimal-8-8,sum,__WEFT_NULL__
props-decimal-9-0,guard,0
props-decimal-9-0,sum,1
props-decimal-9-0,guard,5
props-decimal-9-0,sum,__WEFT_NULL__
props-decimal-9-1,guard,0
props-decimal-9-1,sum,0.1
props-decimal-9-1,guard,5
props-decimal-9-1,sum,__WEFT_NULL__
props-decimal-9-2,guard,0
props-decimal-9-2,sum,0.01
props-decimal-9-2,guard,5
props-decimal-9-2,sum,__WEFT_NULL__
props-decimal-9-3,guard,0
props-decimal-9-3,sum,0.001
props-decimal-9-3,guard,5
props-decimal-9-3,sum,__WEFT_NULL__
props-decimal-9-4,guard,0
props-decimal-9-4,sum,0.0001
props-decimal-9-4,guard,5
props-decimal-9-4,sum,__WEFT_NULL__
props-decimal-9-5,guard,0
props-decimal-9-5,sum,0.00001
props-decimal-9-5,guard,5
props-decimal-9-5,sum,__WEFT_NULL__
props-decimal-9-6,guard,0
props-decimal-9-6,sum,0.000001
props-decimal-9-6,guard,5
props-decimal-9-6,sum,__WEFT_NULL__
props-decimal-9-7,guard,0
props-decimal-9-7,sum,0.0000001
props-decimal-9-7,guard,5
props-decimal-9-7,sum,__WEFT_NULL__
props-decimal-9-8,guard,0
props-decimal-9-8,sum,0.00000001
props-decimal-9-8,guard,5
props-decimal-9-8,sum,__WEFT_NULL__
props-decimal-9-9,guard,0
props-decimal-9-9,sum,0.000000001
props-decimal-9-9,guard,5
props-decimal-9-9,sum,__WEFT_NULL__
props-decimal-10-0,guard,0
props-decimal-10-0,sum,1
props-decimal-10-0,guard,5
props-decimal-10-0,sum,__WEFT_NULL__
props-decimal-10-1,guard,0
props-decimal-10-1,sum,0.1
props-decimal-10-1,guard,5
props-decimal-10-1,sum,__WEFT_NULL__
props-decimal-10-2,guard,0
props-decimal-10-2,sum,0.01
props-decimal-10-2,guard,5
props-decimal-10-2,sum,__WEFT_NULL__
props-decimal-10-3,guard,0
props-decimal-10-3,sum,0.001
props-decimal-10-3,guard,5
props-decimal-10-3,sum,__WEFT_NULL__
props-decimal-10-4,guard,0
props-decimal-10-4,sum,0.0001
props-decimal-10-4,guard,5
props-decimal-10-4,sum,__WEFT_NULL__
props-decimal-10-5,guard,0
props-decimal-10-5,sum,0.00001
props-decimal-10-5,guard,5
props-decimal-10-5,sum,__WEFT_NULL__
props-decimal-10-6,guard,0
props-decimal-10-6,sum,0.000001
props-decimal-10-6,guard,5
props-decimal-10-6,sum,__WEFT_NULL__
props-decimal-10-7,guard,0
props-decimal-10-7,sum,0.0000001
props-decimal-10-7,guard,5
props-decimal-10-7,sum,__WEFT_NULL__
props-decimal-10-8,guard,0
props-decimal-10-8,sum,0.00000001
props-decimal-10-8,guard,5
props-decimal-10-8,sum,__WEFT_NULL__
props-decimal-10-9,guard,0
props-decimal-10-9,sum,0.000000001
props-decimal-10-9,guard,5
props-decimal-10-9,sum,__WEFT_NULL__
props-decimal-10-10,guard,0
props-decimal-10-10,sum,0.0000000001
props-decimal-10-10,guard,5
props-decimal-10-10,sum,__WEFT_NULL__
props-decimal-11-0,guard,0
props-decimal-11-0,sum,1
props-decimal-11-0,guard,5
props-decimal-11-0,sum,__WEFT_NULL__
props-decimal-11-1,guard,0
props-decimal-11-1,sum,0.1
props-decimal-11-1,guard,5
props-decimal-11-1,sum,__WEFT_NULL__
props-decimal-11-2,guard,0
props-decimal-11-2,sum,0.01
props-decimal-11-2,guard,5
props-decimal-11-2,sum,__WEFT_NULL__
props-decimal-11-3,guard,0
props-decimal-11-3,sum,0.001
props-decimal-11-3,guard,5
props-decimal-11-3,sum,__WEFT_NULL__
props-decimal-11-4,guard,0
props-decimal-11-4,sum,0.0001
props-decimal-11-4,guard,5
props-decimal-11-4,sum,__WEFT_NULL__
props-decimal-11-5,guard,0
props-decimal-11-5,sum,0.00001
props-decimal-11-5,guard,5
props-decimal-11-5,sum,__WEFT_NULL__
props-decimal-11-6,guard,0
props-decimal-11-6,sum,0.000001
props-decimal-11-6,guard,5
props-decimal-11-6,sum,__WEFT_NULL__
props-decimal-11-7,guard,0
props-decimal-11-7,sum,0.0000001
props-decimal-11-7,guard,5
props-decimal-11-7,sum,__WEFT_NULL__
props-decimal-11-8,guard,0
props-decimal-11-8,sum,0.00000001
props-decimal-11-8,guard,5
props-decimal-11-8,sum,__WEFT_NULL__
props-decimal-11-9,guard,0
props-decimal-11-9,sum,0.000000001
props-decimal-11-9,guard,5
props-decimal-11-9,sum,__WEFT_NULL__
props-decimal-11-10,guard,0
props-decimal-11-10,sum,0.0000000001
props-decimal-11-10,guard,5
props-decimal-11-10,sum,__WEFT_NULL__
props-decimal-11-11,guard,0
props-decimal-11-11,sum,0.00000000001
props-decimal-11-11,guard,5
props-decimal-11-11,sum,__WEFT_NULL__
props-decimal-12-0,guard,0
props-decimal-12-0,sum,1
props-decimal-12-0,guard,5
props-decimal-12-0,sum,__WEFT_NULL__
props-decimal-12-1,guard,0
props-decimal-12-1,sum,0.1
props-decimal-12-1,guard,5
props-decimal-12-1,sum,__WEFT_NULL__
props-decimal-12-2,guard,0
props-decimal-12-2,sum,0.01
props-decimal-12-2,guard,5
props-decimal-12-2,sum,__WEFT_NULL__
props-decimal-12-3,guard,0
props-decimal-12-3,sum,0.001
props-decimal-12-3,guard,5
props-decimal-12-3,sum,__WEFT_NULL__
props-decimal-12-4,guard,0
props-decimal-12-4,sum,0.0001
props-decimal-12-4,guard,5
props-decimal-12-4,sum,__WEFT_NULL__
props-decimal-12-5,guard,0
props-decimal-12-5,sum,0.00001
props-decimal-12-5,guard,5
props-decimal-12-5,sum,__WEFT_NULL__
props-decimal-12-6,guard,0
props-decimal-12-6,sum,0.000001
props-decimal-12-6,guard,5
props-decimal-12-6,sum,__WEFT_NULL__
props-decimal-12-7,guard,0
props-decimal-12-7,sum,0.0000001
props-decimal-12-7,guard,5
props-decimal-12-7,sum,__WEFT_NULL__
props-decimal-12-8,guard,0
props-decimal-12-8,sum,0.00000001
props-decimal-12-8,guard,5
props-decimal-12-8,sum,__WEFT_NULL__
props-decimal-12-9,guard,0
props-decimal-12-9,sum,0.000000001
props-decimal-12-9,guard,5
props-decimal-12-9,sum,__WEFT_NULL__
props-decimal-12-10,guard,0
props-decimal-12-10,sum,0.0000000001
props-decimal-12-10,guard,5
props-decimal-12-10,sum,__WEFT_NULL__
props-decimal-12-11,guard,0
props-decimal-12-11,sum,0.00000000001
props-decimal-12-11,guard,5
props-decimal-12-11,sum,__WEFT_NULL__
props-decimal-12-12,guard,0
props-decimal-12-12,sum,0.000000000001
props-decimal-12-12,guard,5
props-decimal-12-12,sum,__WEFT_NULL__
props-decimal-13-0,guard,0
props-decimal-13-0,sum,1
props-decimal-13-0,guard,5
props-decimal-13-0,sum,__WEFT_NULL__
props-decimal-13-1,guard,0
props-decimal-13-1,sum,0.1
props-decimal-13-1,guard,5
props-decimal-13-1,sum,__WEFT_NULL__
props-decimal-13-2,guard,0
props-decimal-13-2,sum,0.01
props-decimal-13-2,guard,5
props-decimal-13-2,sum,__WEFT_NULL__
props-decimal-13-3,guard,0
props-decimal-13-3,sum,0.001
props-decimal-13-3,guard,5
props-decimal-13-3,sum,__WEFT_NULL__
props-decimal-13-4,guard,0
props-decimal-13-4,sum,0.0001
props-decimal-13-4,guard,5
props-decimal-13-4,sum,__WEFT_NULL__
props-decimal-13-5,guard,0
props-decimal-13-5,sum,0.00001
props-decimal-13-5,guard,5
props-decimal-13-5,sum,__WEFT_NULL__
props-decimal-13-6,guard,0
props-decimal-13-6,sum,0.000001
props-decimal-13-6,guard,5
props-decimal-13-6,sum,__WEFT_NULL__
props-decimal-13-7,guard,0
props-decimal-13-7,sum,0.0000001
props-decimal-13-7,guard,5
props-decimal-13-7,sum,__WEFT_NULL__
props-decimal-13-8,guard,0
props-decimal-13-8,sum,0.00000001
props-decimal-13-8,guard,5
props-decimal-13-8,sum,__WEFT_NULL__
props-decimal-13-9,guard,0
props-decimal-13-9,sum,0.000000001
props-decimal-13-9,guard,5
props-decimal-13-9,sum,__WEFT_NULL__
props-decimal-13-10,guard,0
props-decimal-13-10,sum,0.0000000001
props-decimal-13-10,guard,5
props-decimal-13-10,sum,__WEFT_NULL__
props-decimal-13-11,guard,0
props-decimal-13-11,sum,0.00000000001
props-decimal-13-11,guard,5
props-decimal-13-11,sum,__WEFT_NULL__
props-decimal-13-12,guard,0
props-decimal-13-12,sum,0.000000000001
props-decimal-13-12,guard,5
props-decimal-13-12,sum,__WEFT_NULL__
props-decimal-13-13,guard,0
props-decimal-13-13,sum,0.0000000000001
props-decimal-13-13,guard,5
props-decimal-13-13,sum,__WEFT_NULL__
props-decimal-14-0,guard,0
props-decimal-14-0,sum,1
props-decimal-14-0,guard,5
props-decimal-14-0,sum,__WEFT_NULL__
props-decimal-14-1,guard,0
props-decimal-14-1,sum,0.1
props-decimal-14-1,guard,5
props-decimal-14-1,sum,__WEFT_NULL__
props-decimal-14-2,guard,0
props-decimal-14-2,sum,0.01
props-decimal-14-2,guard,5
props-decimal-14-2,sum,__WEFT_NULL__
props-decimal-14-3,guard,0
props-decimal-14-3,sum,0.001
props-decimal-14-3,guard,5
props-decimal-14-3,sum,__WEFT_NULL__
props-decimal-14-4,guard,0
props-decimal-14-4,sum,0.0001
props-decimal-14-4,guard,5
props-decimal-14-4,sum,__WEFT_NULL__
props-decimal-14-5,guard,0
props-decimal-14-5,sum,0.00001
props-decimal-14-5,guard,5
props-decimal-14-5,sum,__WEFT_NULL__
props-decimal-14-6,guard,0
props-decimal-14-6,sum,0.000001
props-decimal-14-6,guard,5
props-decimal-14-6,sum,__WEFT_NULL__
props-decimal-14-7,guard,0
props-decimal-14-7,sum,0.0000001
props-decimal-14-7,guard,5
props-decimal-14-7,sum,__WEFT_NULL__
props-decimal-14-8,guard,0
props-decimal-14-8,sum,0.00000001
props-decimal-14-8,guard,5
props-decimal-14-8,sum,__WEFT_NULL__
props-decimal-14-9,guard,0
props-decimal-14-9,sum,0.000000001
props-decimal-14-9,guard,5
props-decimal-14-9,sum,__WEFT_NULL__
props-decimal-14-10,guard,0
props-decimal-14-10,sum,0.0000000001
props-decimal-14-10,guard,5
props-decimal-14-10,sum,__WEFT_NULL__
props-decimal-14-11,guard,0
props-decimal-14-11,sum,0.00000000001
props-decimal-14-11,guard,5
props-decimal-14-11,sum,__WEFT_NULL__
props-decimal-14-12,guard,0
props-decimal-14-12,sum,0.000000000001
props-decimal-14-12,guard,5
props-decimal-14-12,sum,__WEFT_NULL__
props-decimal-14-13,guard,0
props-decimal-14-13,sum,0.0000000000001
props-decimal-14-13,guard,5
props-decimal-14-13,sum,__WEFT_NULL__
props-decimal-14-14,guard,0
props-decimal-14-14,sum,0.00000000000001
props-decimal-14-14,guard,5
props-decimal-14-14,sum,__WEFT_NULL__
props-decimal-15-0,guard,0
props-decimal-15-0,sum,1
props-decimal-15-0,guard,5
props-decimal-15-0,sum,__WEFT_NULL__
props-decimal-15-1,guard,0
props-decimal-15-1,sum,0.1
props-decimal-15-1,guard,5
props-decimal-15-1,sum,__WEFT_NULL__
props-decimal-15-2,guard,0
props-decimal-15-2,sum,0.01
props-decimal-15-2,guard,5
props-decimal-15-2,sum,__WEFT_NULL__
props-decimal-15-3,guard,0
props-decimal-15-3,sum,0.001
props-decimal-15-3,guard,5
props-decimal-15-3,sum,__WEFT_NULL__
props-decimal-15-4,guard,0
props-decimal-15-4,sum,0.0001
props-decimal-15-4,guard,5
props-decimal-15-4,sum,__WEFT_NULL__
props-decimal-15-5,guard,0
props-decimal-15-5,sum,0.00001
props-decimal-15-5,guard,5
props-decimal-15-5,sum,__WEFT_NULL__
props-decimal-15-6,guard,0
props-decimal-15-6,sum,0.000001
props-decimal-15-6,guard,5
props-decimal-15-6,sum,__WEFT_NULL__
props-decimal-15-7,guard,0
props-decimal-15-7,sum,0.0000001
props-decimal-15-7,guard,5
props-decimal-15-7,sum,__WEFT_NULL__
props-decimal-15-8,guard,0
props-decimal-15-8,sum,0.00000001
props-decimal-15-8,guard,5
props-decimal-15-8,sum,__WEFT_NULL__
props-decimal-15-9,guard,0
props-decimal-15-9,sum,0.000000001
props-decimal-15-9,guard,5
props-decimal-15-9,sum,__WEFT_NULL__
props-decimal-15-10,guard,0
props-decimal-15-10,sum,0.0000000001
props-decimal-15-10,guard,5
props-decimal-15-10,sum,__WEFT_NULL__
props-decimal-15-11,guard,0
props-decimal-15-11,sum,0.00000000001
props-decimal-15-11,guard,5
props-decimal-15-11,sum,__WEFT_NULL__
props-decimal-15-12,guard,0
props-decimal-15-12,sum,0.000000000001
props-decimal-15-12,guard,5
props-decimal-15-12,sum,__WEFT_NULL__
props-decimal-15-13,guard,0
props-decimal-15-13,sum,0.0000000000001
props-decimal-15-13,guard,5
props-decimal-15-13,sum,__WEFT_NULL__
props-decimal-15-14,guard,0
props-decimal-15-14,sum,0.00000000000001
props-decimal-15-14,guard,5
props-decimal-15-14,sum,__WEFT_NULL__
props-decimal-15-15,guard,0
props-decimal-15-15,sum,0.000000000000001
props-decimal-15-15,guard,5
props-decimal-15-15,sum,__WEFT_NULL__
props-decimal-16-0,guard,0
props-decimal-16-0,sum,1
props-decimal-16-0,guard,5
props-decimal-16-0,sum,__WEFT_NULL__
props-decimal-16-1,guard,0
props-decimal-16-1,sum,0.1
props-decimal-16-1,guard,5
props-decimal-16-1,sum,__WEFT_NULL__
props-decimal-16-2,guard,0
props-decimal-16-2,sum,0.01
props-decimal-16-2,guard,5
props-decimal-16-2,sum,__WEFT_NULL__
props-decimal-16-3,guard,0
props-decimal-16-3,sum,0.001
props-decimal-16-3,guard,5
props-decimal-16-3,sum,__WEFT_NULL__
props-decimal-16-4,guard,0
props-decimal-16-4,sum,0.0001
props-decimal-16-4,guard,5
props-decimal-16-4,sum,__WEFT_NULL__
props-decimal-16-5,guard,0
props-decimal-16-5,sum,0.00001
props-decimal-16-5,guard,5
props-decimal-16-5,sum,__WEFT_NULL__
props-decimal-16-6,guard,0
props-decimal-16-6,sum,0.000001
props-decimal-16-6,guard,5
props-decimal-16-6,sum,__WEFT_NULL__
props-decimal-16-7,guard,0
props-decimal-16-7,sum,0.0000001
props-decimal-16-7,guard,5
props-decimal-16-7,sum,__WEFT_NULL__
props-decimal-16-8,guard,0
props-decimal-16-8,sum,0.00000001
props-decimal-16-8,guard,5
props-decimal-16-8,sum,__WEFT_NULL__
props-decimal-16-9,guard,0
props-decimal-16-9,sum,0.000000001
props-decimal-16-9,guard,5
props-decimal-16-9,sum,__WEFT_NULL__
props-decimal-16-10,guard,0
props-decimal-16-10,sum,0.0000000001
props-decimal-16-10,guard,5
props-decimal-16-10,sum,__WEFT_NULL__
props-decimal-16-11,guard,0
props-decimal-16-11,sum,0.00000000001
props-decimal-16-11,guard,5
props-decimal-16-11,sum,__WEFT_NULL__
props-decimal-16-12,guard,0
props-decimal-16-12,sum,0.000000000001
props-decimal-16-12,guard,5
props-decimal-16-12,sum,__WEFT_NULL__
props-decimal-16-13,guard,0
props-decimal-16-13,sum,0.0000000000001
props-decimal-16-13,guard,5
props-decimal-16-13,sum,__WEFT_NULL__
props-decimal-16-14,guard,0
props-decimal-16-14,sum,0.00000000000001
props-decimal-16-14,guard,5
props-decimal-16-14,sum,__WEFT_NULL__
props-decimal-16-15,guard,0
props-decimal-16-15,sum,0.000000000000001
props-decimal-16-15,guard,5
props-decimal-16-15,sum,__WEFT_NULL__
props-decimal-16-16,guard,0
props-decimal-16-16,sum,0.0000000000000001
props-decimal-16-16,guard,5
props-decimal-16-16,sum,__WEFT_NULL__
props-decimal-17-0,guard,0
props-decimal-17-0,sum,1
props-decimal-17-0,guard,5
props-decimal-17-0,sum,__WEFT_NULL__
props-decimal-17-1,guard,0
props-decimal-17-1,sum,0.1
props-decimal-17-1,guard,5
props-decimal-17-1,sum,__WEFT_NULL__
props-decimal-17-2,guard,0
props-decimal-17-2,sum,0.01
props-decimal-17-2,guard,5
props-decimal-17-2,sum,__WEFT_NULL__
props-decimal-17-3,guard,0
props-decimal-17-3,sum,0.001
props-decimal-17-3,guard,5
props-decimal-17-3,sum,__WEFT_NULL__
props-decimal-17-4,guard,0
props-decimal-17-4,sum,0.0001
props-decimal-17-4,guard,5
props-decimal-17-4,sum,__WEFT_NULL__
props-decimal-17-5,guard,0
props-decimal-17-5,sum,0.00001
props-decimal-17-5,guard,5
props-decimal-17-5,sum,__WEFT_NULL__
props-decimal-17-6,guard,0
props-decimal-17-6,sum,0.000001
props-decimal-17-6,guard,5
props-decimal-17-6,sum,__WEFT_NULL__
props-decimal-17-7,guard,0
props-decimal-17-7,sum,0.0000001
props-decimal-17-7,guard,5
props-decimal-17-7,sum,__WEFT_NULL__
props-decimal-17-8,guard,0
props-decimal-17-8,sum,0.00000001
props-decimal-17-8,guard,5
props-decimal-17-8,sum,__WEFT_NULL__
props-decimal-17-9,guard,0
props-decimal-17-9,sum,0.000000001
props-decimal-17-9,guard,5
props-decimal-17-9,sum,__WEFT_NULL__
props-decimal-17-10,guard,0
props-decimal-17-10,sum,0.0000000001
props-decimal-17-10,guard,5
props-decimal-17-10,sum,__WEFT_NULL__
props-decimal-17-11,guard,0
props-decimal-17-11,sum,0.00000000001
props-decimal-17-11,guard,5
props-decimal-17-11,sum,__WEFT_NULL__
props-decimal-17-12,guard,0
props-decimal-17-12,sum,0.000000000001
props-decimal-17-12,guard,5
props-decimal-17-12,sum,__WEFT_NULL__
props-decimal-17-13,guard,0
props-decimal-17-13,sum,0.0000000000001
props-decimal-17-13,guard,5
props-decimal-17-13,sum,__WEFT_NULL__
props-decimal-17-14,guard,0
props-decimal-17-14,sum,0.00000000000001
props-decimal-17-14,guard,5
props-decimal-17-14,sum,__WEFT_NULL__
props-decimal-17-15,guard,0
props-decimal-17-15,sum,0.000000000000001
props-decimal-17-15,guard,5
props-decimal-17-15,sum,__WEFT_NULL__
props-decimal-17-16,guard,0
props-decimal-17-16,sum,0.0000000000000001
props-decimal-17-16,guard,5
props-decimal-17-16,sum,__WEFT_NULL__
props-decimal-17-17,guard,0
props-decimal-17-17,sum,0.00000000000000001
props-decimal-17-17,guard,5
props-decimal-17-17,sum,__WEFT_NULL__
props-decimal-18-0,guard,0
props-decimal-18-0,sum,1
props-decimal-18-0,guard,5
props-decimal-18-0,sum,__WEFT_NULL__
props-decimal-18-1,guard,0
props-decimal-18-1,sum,0.1
props-decimal-18-1,guard,5
props-decimal-18-1,sum,__WEFT_NULL__
props-decimal-18-2,guard,0
props-decimal-18-2,sum,0.01
props-decimal-18-2,guard,5
props-decimal-18-2,sum,__WEFT_NULL__
props-decimal-18-3,guard,0
props-decimal-18-3,sum,0.001
props-decimal-18-3,guard,5
props-decimal-18-3,sum,__WEFT_NULL__
props-decimal-18-4,guard,0
props-decimal-18-4,sum,0.0001
props-decimal-18-4,guard,5
props-decimal-18-4,sum,__WEFT_NULL__
props-decimal-18-5,guard,0
props-decimal-18-5,sum,0.00001
props-decimal-18-5,guard,5
props-decimal-18-5,sum,__WEFT_NULL__
props-decimal-18-6,guard,0
props-decimal-18-6,sum,0.000001
props-decimal-18-6,guard,5
props-decimal-18-6,sum,__WEFT_NULL__
props-decimal-18-7,guard,0
props-decimal-18-7,sum,0.0000001
props-decimal-18-7,guard,5
props-decimal-18-7,sum,__WEFT_NULL__
props-decimal-18-8,guard,0
props-decimal-18-8,sum,0.00000001
props-decimal-18-8,guard,5
props-decimal-18-8,sum,__WEFT_NULL__
props-decimal-18-9,guard,0
props-decimal-18-9,sum,0.000000001
props-decimal-18-9,guard,5
props-decimal-18-9,sum,__WEFT_NULL__
props-decimal-18-10,guard,0
props-decimal-18-10,sum,0.0000000001
props-decimal-18-10,guard,5
props-decimal-18-10,sum,__WEFT_NULL__
props-decimal-18-11,guard,0
props-decimal-18-11,sum,0.00000000001
props-decimal-18-11,guard,5
props-decimal-18-11,sum,__WEFT_NULL__
props-decimal-18-12,guard,0
props-decimal-18-12,sum,0.000000000001
props-decimal-18-12,guard,5
props-decimal-18-12,sum,__WEFT_NULL__
props-decimal-18-13,guard,0
props-decimal-18-13,sum,0.0000000000001
props-decimal-18-13,guard,5
props-decimal-18-13,sum,__WEFT_NULL__
props-decimal-18-14,guard,0
props-decimal-18-14,sum,0.00000000000001
props-decimal-18-14,guard,5
props-decimal-18-14,sum,__WEFT_NULL__
props-decimal-18-15,guard,0
props-decimal-18-15,sum,0.000000000000001
props-decimal-18-15,guard,5
props-decimal-18-15,sum,__WEFT_NULL__
props-decimal-18-16,guard,0
props-decimal-18-16,sum,0.0000000000000001
props-decimal-18-16,guard,5
props-decimal-18-16,sum,__WEFT_NULL__
props-decimal-18-17,guard,0
props-decimal-18-17,sum,0.00000000000000001
props-decimal-18-17,guard,5
props-decimal-18-17,sum,__WEFT_NULL__
props-decimal-18-18,guard,0
props-decimal-18-18,sum,0.000000000000000001
props-decimal-18-18,guard,5
props-decimal-18-18,sum,__WEFT_NULL__
props-decimal-19-0,guard,0
props-decimal-19-0,sum,1
props-decimal-19-0,guard,5
props-decimal-19-0,sum,__WEFT_NULL__
props-decimal-19-1,guard,0
props-decimal-19-1,sum,0.1
props-decimal-19-1,guard,5
props-decimal-19-1,sum,__WEFT_NULL__
props-decimal-19-2,guard,0
props-decimal-19-2,sum,0.01
props-decimal-19-2,guard,5
props-decimal-19-2,sum,__WEFT_NULL__
props-decimal-19-3,guard,0
props-decimal-19-3,sum,0.001
props-decimal-19-3,guard,5
props-decimal-19-3,sum,__WEFT_NULL__
props-decimal-19-4,guard,0
props-decimal-19-4,sum,0.0001
props-decimal-19-4,guard,5
props-decimal-19-4,sum,__WEFT_NULL__
props-decimal-19-5,guard,0
props-decimal-19-5,sum,0.00001
props-decimal-19-5,guard,5
props-decimal-19-5,sum,__WEFT_NULL__
props-decimal-19-6,guard,0
props-decimal-19-6,sum,0.000001
props-decimal-19-6,guard,5
props-decimal-19-6,sum,__WEFT_NULL__
props-decimal-19-7,guard,0
props-decimal-19-7,sum,0.0000001
props-decimal-19-7,guard,5
props-decimal-19-7,sum,__WEFT_NULL__
props-decimal-19-8,guard,0
props-decimal-19-8,sum,0.00000001
props-decimal-19-8,guard,5
props-decimal-19-8,sum,__WEFT_NULL__
props-decimal-19-9,guard,0
props-decimal-19-9,sum,0.000000001
props-decimal-19-9,guard,5
props-decimal-19-9,sum,__WEFT_NULL__
props-decimal-19-10,guard,0
props-decimal-19-10,sum,0.0000000001
props-decimal-19-10,guard,5
props-decimal-19-10,sum,__WEFT_NULL__
props-decimal-19-11,guard,0
props-decimal-19-11,sum,0.00000000001
props-decimal-19-11,guard,5
props-decimal-19-11,sum,__WEFT_NULL__
props-decimal-19-12,guard,0
props-decimal-19-12,sum,0.000000000001
props-decimal-19-12,guard,5
props-decimal-19-12,sum,__WEFT_NULL__
props-decimal-19-13,guard,0
props-decimal-19-13,sum,0.0000000000001
props-decimal-19-13,guard,5
props-decimal-19-13,sum,__WEFT_NULL__
props-decimal-19-14,guard,0
props-decimal-19-14,sum,0.00000000000001
props-decimal-19-14,guard,5
props-decimal-19-14,sum,__WEFT_NULL__
props-decimal-19-15,guard,0
props-decimal-19-15,sum,0.000000000000001
props-decimal-19-15,guard,5
props-decimal-19-15,sum,__WEFT_NULL__
props-decimal-19-16,guard,0
props-decimal-19-16,sum,0.0000000000000001
props-decimal-19-16,guard,5
props-decimal-19-16,sum,__WEFT_NULL__
props-decimal-19-17,guard,0
props-decimal-19-17,sum,0.00000000000000001
props-decimal-19-17,guard,5
props-decimal-19-17,sum,__WEFT_NULL__
props-decimal-19-18,guard,0
props-decimal-19-18,sum,0.000000000000000001
props-decimal-19-18,guard,5
props-decimal-19-18,sum,__WEFT_NULL__
props-decimal-19-19,guard,0
props-decimal-19-19,sum,0.0000000000000000001
props-decimal-19-19,guard,5
props-decimal-19-19,sum,__WEFT_NULL__
props-decimal-20-0,guard,0
props-decimal-20-0,sum,1
props-decimal-20-0,guard,5
props-decimal-20-0,sum,__WEFT_NULL__
props-decimal-20-1,guard,0
props-decimal-20-1,sum,0.1
props-decimal-20-1,guard,5
props-decimal-20-1,sum,__WEFT_NULL__
props-decimal-20-2,guard,0
props-decimal-20-2,sum,0.01
props-decimal-20-2,guard,5
props-decimal-20-2,sum,__WEFT_NULL__
props-decimal-20-3,guard,0
props-decimal-20-3,sum,0.001
props-decimal-20-3,guard,5
props-decimal-20-3,sum,__WEFT_NULL__
props-decimal-20-4,guard,0
props-decimal-20-4,sum,0.0001
props-decimal-20-4,guard,5
props-decimal-20-4,sum,__WEFT_NULL__
props-decimal-20-5,guard,0
props-decimal-20-5,sum,0.00001
props-decimal-20-5,guard,5
props-decimal-20-5,sum,__WEFT_NULL__
props-decimal-20-6,guard,0
props-decimal-20-6,sum,0.000001
props-decimal-20-6,guard,5
props-decimal-20-6,sum,__WEFT_NULL__
props-decimal-20-7,guard,0
props-decimal-20-7,sum,0.0000001
props-decimal-20-7,guard,5
props-decimal-20-7,sum,__WEFT_NULL__
props-decimal-20-8,guard,0
props-decimal-20-8,sum,0.00000001
props-decimal-20-8,guard,5
props-decimal-20-8,sum,__WEFT_NULL__
props-decimal-20-9,guard,0
props-decimal-20-9,sum,0.000000001
props-decimal-20-9,guard,5
props-decimal-20-9,sum,__WEFT_NULL__
props-decimal-20-10,guard,0
props-decimal-20-10,sum,0.0000000001
props-decimal-20-10,guard,5
props-decimal-20-10,sum,__WEFT_NULL__
props-decimal-20-11,guard,0
props-decimal-20-11,sum,0.00000000001
props-decimal-20-11,guard,5
props-decimal-20-11,sum,__WEFT_NULL__
props-decimal-20-12,guard,0
props-decimal-20-12,sum,0.000000000001
props-decimal-20-12,guard,5
props-decimal-20-12,sum,__WEFT_NULL__
props-decimal-20-13,guard,0
props-decimal-20-13,sum,0.0000000000001
props-decimal-20-13,guard,5
props-decimal-20-13,sum,__WEFT_NULL__
props-decimal-20-14,guard,0
props-decimal-20-14,sum,0.00000000000001
props-decimal-20-14,guard,5
props-decimal-20-14,sum,__WEFT_NULL__
props-decimal-20-15,guard,0
props-decimal-20-15,sum,0.000000000000001
props-decimal-20-15,guard,5
props-decimal-20-15,sum,__WEFT_NULL__
props-decimal-20-16,guard,0
props-decimal-20-16,sum,0.0000000000000001
props-decimal-20-16,guard,5
props-decimal-20-16,sum,__WEFT_NULL__
props-decimal-20-17,guard,0
props-decimal-20-17,sum,0.00000000000000001
props-decimal-20-17,guard,5
props-decimal-20-17,sum,__WEFT_NULL__
props-decimal-20-18,guard,0
props-decimal-20-18,sum,0.000000000000000001
props-decimal-20-18,guard,5
props-decimal-20-18,sum,__WEFT_NULL__
props-decimal-20-19,guard,0
props-decimal-20-19,sum,0.0000000000000000001
props-decimal-20-19,guard,5
props-decimal-20-19,sum,__WEFT_NULL__
props-decimal-20-20,guard,0
props-decimal-20-20,sum,0.00000000000000000001
props-decimal-20-20,guard,5
props-decimal-20-20,sum,__WEFT_NULL__
props-decimal-21-0,guard,0
props-decimal-21-0,sum,1
props-decimal-21-0,guard,5
props-decimal-21-0,sum,__WEFT_NULL__
props-decimal-21-1,guard,0
props-decimal-21-1,sum,0.1
props-decimal-21-1,guard,5
props-decimal-21-1,sum,__WEFT_NULL__
props-decimal-21-2,guard,0
props-decimal-21-2,sum,0.01
props-decimal-21-2,guard,5
props-decimal-21-2,sum,__WEFT_NULL__
props-decimal-21-3,guard,0
props-decimal-21-3,sum,0.001
props-decimal-21-3,guard,5
props-decimal-21-3,sum,__WEFT_NULL__
props-decimal-21-4,guard,0
props-decimal-21-4,sum,0.0001
props-decimal-21-4,guard,5
props-decimal-21-4,sum,__WEFT_NULL__
props-decimal-21-5,guard,0
props-decimal-21-5,sum,0.00001
props-decimal-21-5,guard,5
props-decimal-21-5,sum,__WEFT_NULL__
props-decimal-21-6,guard,0
props-decimal-21-6,sum,0.000001
props-decimal-21-6,guard,5
props-decimal-21-6,sum,__WEFT_NULL__
props-decimal-21-7,guard,0
props-decimal-21-7,sum,0.0000001
props-decimal-21-7,guard,5
props-decimal-21-7,sum,__WEFT_NULL__
props-decimal-21-8,guard,0
props-decimal-21-8,sum,0.00000001
props-decimal-21-8,guard,5
props-decimal-21-8,sum,__WEFT_NULL__
props-decimal-21-9,guard,0
props-decimal-21-9,sum,0.000000001
props-decimal-21-9,guard,5
props-decimal-21-9,sum,__WEFT_NULL__
props-decimal-21-10,guard,0
props-decimal-21-10,sum,0.0000000001
props-decimal-21-10,guard,5
props-decimal-21-10,sum,__WEFT_NULL__
props-decimal-21-11,guard,0
props-decimal-21-11,sum,0.00000000001
props-decimal-21-11,guard,5
props-decimal-21-11,sum,__WEFT_NULL__
props-decimal-21-12,guard,0
props-decimal-21-12,sum,0.000000000001
props-decimal-21-12,guard,5
props-decimal-21-12,sum,__WEFT_NULL__
props-decimal-21-13,guard,0
props-decimal-21-13,sum,0.0000000000001
props-decimal-21-13,guard,5
props-decimal-21-13,sum,__WEFT_NULL__
props-decimal-21-14,guard,0
props-decimal-21-14,sum,0.00000000000001
props-decimal-21-14,guard,5
props-decimal-21-14,sum,__WEFT_NULL__
props-decimal-21-15,guard,0
props-decimal-21-15,sum,0.000000000000001
props-decimal-21-15,guard,5
props-decimal-21-15,sum,__WEFT_NULL__
props-decimal-21-16,guard,0
props-decimal-21-16,sum,0.0000000000000001
props-decimal-21-16,guard,5
props-decimal-21-16,sum,__WEFT_NULL__
props-decimal-21-17,guard,0
props-decimal-21-17,sum,0.00000000000000001
props-decimal-21-17,guard,5
props-decimal-21-17,sum,__WEFT_NULL__
props-decimal-21-18,guard,0
props-decimal-21-18,sum,0.000000000000000001
props-decimal-21-18,guard,5
props-decimal-21-18,sum,__WEFT_NULL__
props-decimal-21-19,guard,0
props-decimal-21-19,sum,0.0000000000000000001
props-decimal-21-19,guard,5
props-decimal-21-19,sum,__WEFT_NULL__
props-decimal-21-20,guard,0
props-decimal-21-20,sum,0.00000000000000000001
props-decimal-21-20,guard,5
props-decimal-21-20,sum,__WEFT_NULL__
props-decimal-21-21,guard,0
props-decimal-21-21,sum,0.000000000000000000001
props-decimal-21-21,guard,5
props-decimal-21-21,sum,__WEFT_NULL__
props-decimal-22-0,guard,0
props-decimal-22-0,sum,1
props-decimal-22-0,guard,5
props-decimal-22-0,sum,__WEFT_NULL__
props-decimal-22-1,guard,0
props-decimal-22-1,sum,0.1
props-decimal-22-1,guard,5
props-decimal-22-1,sum,__WEFT_NULL__
props-decimal-22-2,guard,0
props-decimal-22-2,sum,0.01
props-decimal-22-2,guard,5
props-decimal-22-2,sum,__WEFT_NULL__
props-decimal-22-3,guard,0
props-decimal-22-3,sum,0.001
props-decimal-22-3,guard,5
props-decimal-22-3,sum,__WEFT_NULL__
props-decimal-22-4,guard,0
props-decimal-22-4,sum,0.0001
props-decimal-22-4,guard,5
props-decimal-22-4,sum,__WEFT_NULL__
props-decimal-22-5,guard,0
props-decimal-22-5,sum,0.00001
props-decimal-22-5,guard,5
props-decimal-22-5,sum,__WEFT_NULL__
props-decimal-22-6,guard,0
props-decimal-22-6,sum,0.000001
props-decimal-22-6,guard,5
props-decimal-22-6,sum,__WEFT_NULL__
props-decimal-22-7,guard,0
props-decimal-22-7,sum,0.0000001
props-decimal-22-7,guard,5
props-decimal-22-7,sum,__WEFT_NULL__
props-decimal-22-8,guard,0
props-decimal-22-8,sum,0.00000001
props-decimal-22-8,guard,5
props-decimal-22-8,sum,__WEFT_NULL__
props-decimal-22-9,guard,0
props-decimal-22-9,sum,0.000000001
props-decimal-22-9,guard,5
props-decimal-22-9,sum,__WEFT_NULL__
props-decimal-22-10,guard,0
props-decimal-22-10,sum,0.0000000001
props-decimal-22-10,guard,5
props-decimal-22-10,sum,__WEFT_NULL__
props-decimal-22-11,guard,0
props-decimal-22-11,sum,0.00000000001
props-decimal-22-11,guard,5
props-decimal-22-11,sum,__WEFT_NULL__
props-decimal-22-12,guard,0
props-decimal-22-12,sum,0.000000000001
props-decimal-22-12,guard,5
props-decimal-22-12,sum,__WEFT_NULL__
props-decimal-22-13,guard,0
props-decimal-22-13,sum,0.0000000000001
props-decimal-22-13,guard,5
props-decimal-22-13,sum,__WEFT_NULL__
props-decimal-22-14,guard,0
props-decimal-22-14,sum,0.00000000000001
props-decimal-22-14,guard,5
props-decimal-22-14,sum,__WEFT_NULL__
props-decimal-22-15,guard,0
props-decimal-22-15,sum,0.000000000000001
props-decimal-22-15,guard,5
props-decimal-22-15,sum,__WEFT_NULL__
props-decimal-22-16,guard,0
props-decimal-22-16,sum,0.0000000000000001
props-decimal-22-16,guard,5
props-decimal-22-16,sum,__WEFT_NULL__
props-decimal-22-17,guard,0
props-decimal-22-17,sum,0.00000000000000001
props-decimal-22-17,guard,5
props-decimal-22-17,sum,__WEFT_NULL__
props-decimal-22-18,guard,0
props-decimal-22-18,sum,0.000000000000000001
props-decimal-22-18,guard,5
props-decimal-22-18,sum,__WEFT_NULL__
props-decimal-22-19,guard,0
props-decimal-22-19,sum,0.0000000000000000001
props-decimal-22-19,guard,5
props-decimal-22-19,sum,__WEFT_NULL__
props-decimal-22-20,guard,0
props-decimal-22-20,sum,0.00000000000000000001
props-decimal-22-20,guard,5
props-decimal-22-20,sum,__WEFT_NULL__
props-decimal-22-21,guard,0
props-decimal-22-21,sum,0.000000000000000000001
props-decimal-22-21,guard,5
props-decimal-22-21,sum,__WEFT_NULL__
props-decimal-22-22,guard,0
props-decimal-22-22,sum,0.0000000000000000000001
props-decimal-22-22,guard,5
props-decimal-22-22,sum,__WEFT_NULL__
props-decimal-23-0,guard,0
props-decimal-23-0,sum,1
props-decimal-23-0,guard,5
props-decimal-23-0,sum,__WEFT_NULL__
props-decimal-23-1,guard,0
props-decimal-23-1,sum,0.1
props-decimal-23-1,guard,5
props-decimal-23-1,sum,__WEFT_NULL__
props-decimal-23-2,guard,0
props-decimal-23-2,sum,0.01
props-decimal-23-2,guard,5
props-decimal-23-2,sum,__WEFT_NULL__
props-decimal-23-3,guard,0
props-decimal-23-3,sum,0.001
props-decimal-23-3,guard,5
props-decimal-23-3,sum,__WEFT_NULL__
props-decimal-23-4,guard,0
props-decimal-23-4,sum,0.0001
props-decimal-23-4,guard,5
props-decimal-23-4,sum,__WEFT_NULL__
props-decimal-23-5,guard,0
props-decimal-23-5,sum,0.00001
props-decimal-23-5,guard,5
props-decimal-23-5,sum,__WEFT_NULL__
props-decimal-23-6,guard,0
props-decimal-23-6,sum,0.000001
props-decimal-23-6,guard,5
props-decimal-23-6,sum,__WEFT_NULL__
props-decimal-23-7,guard,0
props-decimal-23-7,sum,0.0000001
props-decimal-23-7,guard,5
props-decimal-23-7,sum,__WEFT_NULL__
props-decimal-23-8,guard,0
props-decimal-23-8,sum,0.00000001
props-decimal-23-8,guard,5
props-decimal-23-8,sum,__WEFT_NULL__
props-decimal-23-9,guard,0
props-decimal-23-9,sum,0.000000001
props-decimal-23-9,guard,5
props-decimal-23-9,sum,__WEFT_NULL__
props-decimal-23-10,guard,0
props-decimal-23-10,sum,0.0000000001
props-decimal-23-10,guard,5
props-decimal-23-10,sum,__WEFT_NULL__
props-decimal-23-11,guard,0
props-decimal-23-11,sum,0.00000000001
props-decimal-23-11,guard,5
props-decimal-23-11,sum,__WEFT_NULL__
props-decimal-23-12,guard,0
props-decimal-23-12,sum,0.000000000001
props-decimal-23-12,guard,5
props-decimal-23-12,sum,__WEFT_NULL__
props-decimal-23-13,guard,0
props-decimal-23-13,sum,0.0000000000001
props-decimal-23-13,guard,5
props-decimal-23-13,sum,__WEFT_NULL__
props-decimal-23-14,guard,0
props-decimal-23-14,sum,0.00000000000001
props-decimal-23-14,guard,5
props-decimal-23-14,sum,__WEFT_NULL__
props-decimal-23-15,guard,0
props-decimal-23-15,sum,0.000000000000001
props-decimal-23-15,guard,5
props-decimal-23-15,sum,__WEFT_NULL__
props-decimal-23-16,guard,0
props-decimal-23-16,sum,0.0000000000000001
props-decimal-23-16,guard,5
props-decimal-23-16,sum,__WEFT_NULL__
props-decimal-23-17,guard,0
props-decimal-23-17,sum,0.00000000000000001
props-decimal-23-17,guard,5
props-decimal-23-17,sum,__WEFT_NULL__
props-decimal-23-18,guard,0
props-decimal-23-18,sum,0.000000000000000001
props-decimal-23-18,guard,5
props-decimal-23-18,sum,__WEFT_NULL__
props-decimal-23-19,guard,0
props-decimal-23-19,sum,0.0000000000000000001
props-decimal-23-19,guard,5
props-decimal-23-19,sum,__WEFT_NULL__
props-decimal-23-20,guard,0
props-decimal-23-20,sum,0.00000000000000000001
props-decimal-23-20,guard,5
props-decimal-23-20,sum,__WEFT_NULL__
props-decimal-23-21,guard,0
props-decimal-23-21,sum,0.000000000000000000001
props-decimal-23-21,guard,5
props-decimal-23-21,sum,__WEFT_NULL__
props-decimal-23-22,guard,0
props-decimal-23-22,sum,0.0000000000000000000001
props-decimal-23-22,guard,5
props-decimal-23-22,sum,__WEFT_NULL__
props-decimal-23-23,guard,0
props-decimal-23-23,sum,0.00000000000000000000001
props-decimal-23-23,guard,5
props-decimal-23-23,sum,__WEFT_NULL__
props-decimal-24-0,guard,0
props-decimal-24-0,sum,1
props-decimal-24-0,guard,5
props-decimal-24-0,sum,__WEFT_NULL__
props-decimal-24-1,guard,0
props-decimal-24-1,sum,0.1
props-decimal-24-1,guard,5
props-decimal-24-1,sum,__WEFT_NULL__
props-decimal-24-2,guard,0
props-decimal-24-2,sum,0.01
props-decimal-24-2,guard,5
props-decimal-24-2,sum,__WEFT_NULL__
props-decimal-24-3,guard,0
props-decimal-24-3,sum,0.001
props-decimal-24-3,guard,5
props-decimal-24-3,sum,__WEFT_NULL__
props-decimal-24-4,guard,0
props-decimal-24-4,sum,0.0001
props-decimal-24-4,guard,5
props-decimal-24-4,sum,__WEFT_NULL__
props-decimal-24-5,guard,0
props-decimal-24-5,sum,0.00001
props-decimal-24-5,guard,5
props-decimal-24-5,sum,__WEFT_NULL__
props-decimal-24-6,guard,0
props-decimal-24-6,sum,0.000001
props-decimal-24-6,guard,5
props-decimal-24-6,sum,__WEFT_NULL__
props-decimal-24-7,guard,0
props-decimal-24-7,sum,0.0000001
props-decimal-24-7,guard,5
props-decimal-24-7,sum,__WEFT_NULL__
props-decimal-24-8,guard,0
props-decimal-24-8,sum,0.00000001
props-decimal-24-8,guard,5
props-decimal-24-8,sum,__WEFT_NULL__
props-decimal-24-9,guard,0
props-decimal-24-9,sum,0.000000001
props-decimal-24-9,guard,5
props-decimal-24-9,sum,__WEFT_NULL__
props-decimal-24-10,guard,0
props-decimal-24-10,sum,0.0000000001
props-decimal-24-10,guard,5
props-decimal-24-10,sum,__WEFT_NULL__
props-decimal-24-11,guard,0
props-decimal-24-11,sum,0.00000000001
props-decimal-24-11,guard,5
props-decimal-24-11,sum,__WEFT_NULL__
props-decimal-24-12,guard,0
props-decimal-24-12,sum,0.000000000001
props-decimal-24-12,guard,5
props-decimal-24-12,sum,__WEFT_NULL__
props-decimal-24-13,guard,0
props-decimal-24-13,sum,0.0000000000001
props-decimal-24-13,guard,5
props-decimal-24-13,sum,__WEFT_NULL__
props-decimal-24-14,guard,0
props-decimal-24-14,sum,0.00000000000001
props-decimal-24-14,guard,5
props-decimal-24-14,sum,__WEFT_NULL__
props-decimal-24-15,guard,0
props-decimal-24-15,sum,0.000000000000001
props-decimal-24-15,guard,5
props-decimal-24-15,sum,__WEFT_NULL__
props-decimal-24-16,guard,0
props-decimal-24-16,sum,0.0000000000000001
props-decimal-24-16,guard,5
props-decimal-24-16,sum,__WEFT_NULL__
props-decimal-24-17,guard,0
props-decimal-24-17,sum,0.00000000000000001
props-decimal-24-17,guard,5
props-decimal-24-17,sum,__WEFT_NULL__
props-decimal-24-18,guard,0
props-decimal-24-18,sum,0.000000000000000001
props-decimal-24-18,guard,5
props-decimal-24-18,sum,__WEFT_NULL__
props-decimal-24-19,guard,0
props-decimal-24-19,sum,0.0000000000000000001
props-decimal-24-19,guard,5
props-decimal-24-19,sum,__WEFT_NULL__
props-decimal-24-20,guard,0
props-decimal-24-20,sum,0.00000000000000000001
props-decimal-24-20,guard,5
props-decimal-24-20,sum,__WEFT_NULL__
props-decimal-24-21,guard,0
props-decimal-24-21,sum,0.000000000000000000001
props-decimal-24-21,guard,5
props-decimal-24-21,sum,__WEFT_NULL__
props-decimal-24-22,guard,0
props-decimal-24-22,sum,0.0000000000000000000001
props-decimal-24-22,guard,5
props-decimal-24-22,sum,__WEFT_NULL__
props-decimal-24-23,guard,0
props-decimal-24-23,sum,0.00000000000000000000001
props-decimal-24-23,guard,5
props-decimal-24-23,sum,__WEFT_NULL__
props-decimal-24-24,guard,0
props-decimal-24-24,sum,0.000000000000000000000001
props-decimal-24-24,guard,5
props-decimal-24-24,sum,__WEFT_NULL__
props-decimal-25-0,guard,0
props-decimal-25-0,sum,1
props-decimal-25-0,guard,5
props-decimal-25-0,sum,__WEFT_NULL__
props-decimal-25-1,guard,0
props-decimal-25-1,sum,0.1
props-decimal-25-1,guard,5
props-decimal-25-1,sum,__WEFT_NULL__
props-decimal-25-2,guard,0
props-decimal-25-2,sum,0.01
props-decimal-25-2,guard,5
props-decimal-25-2,sum,__WEFT_NULL__
props-decimal-25-3,guard,0
props-decimal-25-3,sum,0.001
props-decimal-25-3,guard,5
props-decimal-25-3,sum,__WEFT_NULL__
props-decimal-25-4,guard,0
props-decimal-25-4,sum,0.0001
props-decimal-25-4,guard,5
props-decimal-25-4,sum,__WEFT_NULL__
props-decimal-25-5,guard,0
props-decimal-25-5,sum,0.00001
props-decimal-25-5,guard,5
props-decimal-25-5,sum,__WEFT_NULL__
props-decimal-25-6,guard,0
props-decimal-25-6,sum,0.000001
props-decimal-25-6,guard,5
props-decimal-25-6,sum,__WEFT_NULL__
props-decimal-25-7,guard,0
props-decimal-25-7,sum,0.0000001
props-decimal-25-7,guard,5
props-decimal-25-7,sum,__WEFT_NULL__
props-decimal-25-8,guard,0
props-decimal-25-8,sum,0.00000001
props-decimal-25-8,guard,5
props-decimal-25-8,sum,__WEFT_NULL__
props-decimal-25-9,guard,0
props-decimal-25-9,sum,0.000000001
props-decimal-25-9,guard,5
props-decimal-25-9,sum,__WEFT_NULL__
props-decimal-25-10,guard,0
props-decimal-25-10,sum,0.0000000001
props-decimal-25-10,guard,5
props-decimal-25-10,sum,__WEFT_NULL__
props-decimal-25-11,guard,0
props-decimal-25-11,sum,0.00000000001
props-decimal-25-11,guard,5
props-decimal-25-11,sum,__WEFT_NULL__
props-decimal-25-12,guard,0
props-decimal-25-12,sum,0.000000000001
props-decimal-25-12,guard,5
props-decimal-25-12,sum,__WEFT_NULL__
props-decimal-25-13,guard,0
props-decimal-25-13,sum,0.0000000000001
props-decimal-25-13,guard,5
props-decimal-25-13,sum,__WEFT_NULL__
props-decimal-25-14,guard,0
props-decimal-25-14,sum,0.00000000000001
props-decimal-25-14,guard,5
props-decimal-25-14,sum,__WEFT_NULL__
props-decimal-25-15,guard,0
props-decimal-25-15,sum,0.000000000000001
props-decimal-25-15,guard,5
props-decimal-25-15,sum,__WEFT_NULL__
props-decimal-25-16,guard,0
props-decimal-25-16,sum,0.0000000000000001
props-decimal-25-16,guard,5
props-decimal-25-16,sum,__WEFT_NULL__
props-decimal-25-17,guard,0
props-decimal-25-17,sum,0.00000000000000001
props-decimal-25-17,guard,5
props-decimal-25-17,sum,__WEFT_NULL__
props-decimal-25-18,guard,0
props-decimal-25-18,sum,0.000000000000000001
props-decimal-25-18,guard,5
props-decimal-25-18,sum,__WEFT_NULL__
props-decimal-25-19,guard,0
props-decimal-25-19,sum,0.0000000000000000001
props-decimal-25-19,guard,5
props-decimal-25-19,sum,__WEFT_NULL__
props-decimal-25-20,guard,0
props-decimal-25-20,sum,0.00000000000000000001
props-decimal-25-20,guard,5
props-decimal-25-20,sum,__WEFT_NULL__
props-decimal-25-21,guard,0
props-decimal-25-21,sum,0.000000000000000000001
props-decimal-25-21,guard,5
props-decimal-25-21,sum,__WEFT_NULL__
props-decimal-25-22,guard,0
props-decimal-25-22,sum,0.0000000000000000000001
props-decimal-25-22,guard,5
props-decimal-25-22,sum,__WEFT_NULL__
props-decimal-25-23,guard,0
props-decimal-25-23,sum,0.00000000000000000000001
props-decimal-25-23,guard,5
props-decimal-25-23,sum,__WEFT_NULL__
props-decimal-25-24,guard,0
props-decimal-25-24,sum,0.000000000000000000000001
props-decimal-25-24,guard,5
props-decimal-25-24,sum,__WEFT_NULL__
props-decimal-25-25,guard,0
props-decimal-25-25,sum,0.0000000000000000000000001
props-decimal-25-25,guard,5
props-decimal-25-25,sum,__WEFT_NULL__
props-decimal-26-0,guard,0
props-decimal-26-0,sum,1
props-decimal-26-0,guard,5
props-decimal-26-0,sum,__WEFT_NULL__
props-decimal-26-1,guard,0
props-decimal-26-1,sum,0.1
props-decimal-26-1,guard,5
props-decimal-26-1,sum,__WEFT_NULL__
props-decimal-26-2,guard,0
props-decimal-26-2,sum,0.01
props-decimal-26-2,guard,5
props-decimal-26-2,sum,__WEFT_NULL__
props-decimal-26-3,guard,0
props-decimal-26-3,sum,0.001
props-decimal-26-3,guard,5
props-decimal-26-3,sum,__WEFT_NULL__
props-decimal-26-4,guard,0
props-decimal-26-4,sum,0.0001
props-decimal-26-4,guard,5
props-decimal-26-4,sum,__WEFT_NULL__
props-decimal-26-5,guard,0
props-decimal-26-5,sum,0.00001
props-decimal-26-5,guard,5
props-decimal-26-5,sum,__WEFT_NULL__
props-decimal-26-6,guard,0
props-decimal-26-6,sum,0.000001
props-decimal-26-6,guard,5
props-decimal-26-6,sum,__WEFT_NULL__
props-decimal-26-7,guard,0
props-decimal-26-7,sum,0.0000001
props-decimal-26-7,guard,5
props-decimal-26-7,sum,__WEFT_NULL__
props-decimal-26-8,guard,0
props-decimal-26-8,sum,0.00000001
props-decimal-26-8,guard,5
props-decimal-26-8,sum,__WEFT_NULL__
props-decimal-26-9,guard,0
props-decimal-26-9,sum,0.000000001
props-decimal-26-9,guard,5
props-decimal-26-9,sum,__WEFT_NULL__
props-decimal-26-10,guard,0
props-decimal-26-10,sum,0.0000000001
props-decimal-26-10,guard,5
props-decimal-26-10,sum,__WEFT_NULL__
props-decimal-26-11,guard,0
props-decimal-26-11,sum,0.00000000001
props-decimal-26-11,guard,5
props-decimal-26-11,sum,__WEFT_NULL__
props-decimal-26-12,guard,0
props-decimal-26-12,sum,0.000000000001
props-decimal-26-12,guard,5
props-decimal-26-12,sum,__WEFT_NULL__
props-decimal-26-13,guard,0
props-decimal-26-13,sum,0.0000000000001
props-decimal-26-13,guard,5
props-decimal-26-13,sum,__WEFT_NULL__
props-decimal-26-14,guard,0
props-decimal-26-14,sum,0.00000000000001
props-decimal-26-14,guard,5
props-decimal-26-14,sum,__WEFT_NULL__
props-decimal-26-15,guard,0
props-decimal-26-15,sum,0.000000000000001
props-decimal-26-15,guard,5
props-decimal-26-15,sum,__WEFT_NULL__
props-decimal-26-16,guard,0
props-decimal-26-16,sum,0.0000000000000001
props-decimal-26-16,guard,5
props-decimal-26-16,sum,__WEFT_NULL__
props-decimal-26-17,guard,0
props-decimal-26-17,sum,0.00000000000000001
props-decimal-26-17,guard,5
props-decimal-26-17,sum,__WEFT_NULL__
props-decimal-26-18,guard,0
props-decimal-26-18,sum,0.000000000000000001
props-decimal-26-18,guard,5
props-decimal-26-18,sum,__WEFT_NULL__
props-decimal-26-19,guard,0
props-decimal-26-19,sum,0.0000000000000000001
props-decimal-26-19,guard,5
props-decimal-26-19,sum,__WEFT_NULL__
props-decimal-26-20,guard,0
props-decimal-26-20,sum,0.00000000000000000001
props-decimal-26-20,guard,5
props-decimal-26-20,sum,__WEFT_NULL__
props-decimal-26-21,guard,0
props-decimal-26-21,sum,0.000000000000000000001
props-decimal-26-21,guard,5
props-decimal-26-21,sum,__WEFT_NULL__
props-decimal-26-22,guard,0
props-decimal-26-22,sum,0.0000000000000000000001
props-decimal-26-22,guard,5
props-decimal-26-22,sum,__WEFT_NULL__
props-decimal-26-23,guard,0
props-decimal-26-23,sum,0.00000000000000000000001
props-decimal-26-23,guard,5
props-decimal-26-23,sum,__WEFT_NULL__
props-decimal-26-24,guard,0
props-decimal-26-24,sum,0.000000000000000000000001
props-decimal-26-24,guard,5
props-decimal-26-24,sum,__WEFT_NULL__
props-decimal-26-25,guard,0
props-decimal-26-25,sum,0.0000000000000000000000001
props-decimal-26-25,guard,5
props-decimal-26-25,sum,__WEFT_NULL__
props-decimal-26-26,guard,0
props-decimal-26-26,sum,0.00000000000000000000000001
props-decimal-26-26,guard,5
props-decimal-26-26,sum,__WEFT_NULL__
props-decimal-27-0,guard,0
props-decimal-27-0,sum,1
props-decimal-27-0,guard,5
props-decimal-27-0,sum,__WEFT_NULL__
props-decimal-27-1,guard,0
props-decimal-27-1,sum,0.1
props-decimal-27-1,guard,5
props-decimal-27-1,sum,__WEFT_NULL__
props-decimal-27-2,guard,0
props-decimal-27-2,sum,0.01
props-decimal-27-2,guard,5
props-decimal-27-2,sum,__WEFT_NULL__
props-decimal-27-3,guard,0
props-decimal-27-3,sum,0.001
props-decimal-27-3,guard,5
props-decimal-27-3,sum,__WEFT_NULL__
props-decimal-27-4,guard,0
props-decimal-27-4,sum,0.0001
props-decimal-27-4,guard,5
props-decimal-27-4,sum,__WEFT_NULL__
props-decimal-27-5,guard,0
props-decimal-27-5,sum,0.00001
props-decimal-27-5,guard,5
props-decimal-27-5,sum,__WEFT_NULL__
props-decimal-27-6,guard,0
props-decimal-27-6,sum,0.000001
props-decimal-27-6,guard,5
props-decimal-27-6,sum,__WEFT_NULL__
props-decimal-27-7,guard,0
props-decimal-27-7,sum,0.0000001
props-decimal-27-7,guard,5
props-decimal-27-7,sum,__WEFT_NULL__
props-decimal-27-8,guard,0
props-decimal-27-8,sum,0.00000001
props-decimal-27-8,guard,5
props-decimal-27-8,sum,__WEFT_NULL__
props-decimal-27-9,guard,0
props-decimal-27-9,sum,0.000000001
props-decimal-27-9,guard,5
props-decimal-27-9,sum,__WEFT_NULL__
props-decimal-27-10,guard,0
props-decimal-27-10,sum,0.0000000001
props-decimal-27-10,guard,5
props-decimal-27-10,sum,__WEFT_NULL__
props-decimal-27-11,guard,0
props-decimal-27-11,sum,0.00000000001
props-decimal-27-11,guard,5
props-decimal-27-11,sum,__WEFT_NULL__
props-decimal-27-12,guard,0
props-decimal-27-12,sum,0.000000000001
props-decimal-27-12,guard,5
props-decimal-27-12,sum,__WEFT_NULL__
props-decimal-27-13,guard,0
props-decimal-27-13,sum,0.0000000000001
props-decimal-27-13,guard,5
props-decimal-27-13,sum,__WEFT_NULL__
props-decimal-27-14,guard,0
props-decimal-27-14,sum,0.00000000000001
props-decimal-27-14,guard,5
props-decimal-27-14,sum,__WEFT_NULL__
props-decimal-27-15,guard,0
props-decimal-27-15,sum,0.000000000000001
props-decimal-27-15,guard,5
props-decimal-27-15,sum,__WEFT_NULL__
props-decimal-27-16,guard,0
props-decimal-27-16,sum,0.0000000000000001
props-decimal-27-16,guard,5
props-decimal-27-16,sum,__WEFT_NULL__
props-decimal-27-17,guard,0
props-decimal-27-17,sum,0.00000000000000001
props-decimal-27-17,guard,5
props-decimal-27-17,sum,__WEFT_NULL__
props-decimal-27-18,guard,0
props-decimal-27-18,sum,0.000000000000000001
props-decimal-27-18,guard,5
props-decimal-27-18,sum,__WEFT_NULL__
props-decimal-27-19,guard,0
props-decimal-27-19,sum,0.0000000000000000001
props-decimal-27-19,guard,5
props-decimal-27-19,sum,__WEFT_NULL__
props-decimal-27-20,guard,0
props-decimal-27-20,sum,0.00000000000000000001
props-decimal-27-20,guard,5
props-decimal-27-20,sum,__WEFT_NULL__
props-decimal-27-21,guard,0
props-decimal-27-21,sum,0.000000000000000000001
props-decimal-27-21,guard,5
props-decimal-27-21,sum,__WEFT_NULL__
props-decimal-27-22,guard,0
props-decimal-27-22,sum,0.0000000000000000000001
props-decimal-27-22,guard,5
props-decimal-27-22,sum,__WEFT_NULL__
props-decimal-27-23,guard,0
props-decimal-27-23,sum,0.00000000000000000000001
props-decimal-27-23,guard,5
props-decimal-27-23,sum,__WEFT_NULL__
props-decimal-27-24,guard,0
props-decimal-27-24,sum,0.000000000000000000000001
props-decimal-27-24,guard,5
props-decimal-27-24,sum,__WEFT_NULL__
props-decimal-27-25,guard,0
props-decimal-27-25,sum,0.0000000000000000000000001
props-decimal-27-25,guard,5
props-decimal-27-25,sum,__WEFT_NULL__
props-decimal-27-26,guard,0
props-decimal-27-26,sum,0.00000000000000000000000001
props-decimal-27-26,guard,5
props-decimal-27-26,sum,__WEFT_NULL__
props-decimal-27-27,guard,0
props-decimal-27-27,sum,0.000000000000000000000000001
props-decimal-27-27,guard,5
props-decimal-27-27,sum,__WEFT_NULL__
props-decimal-28-0,guard,0
props-decimal-28-0,sum,1
props-decimal-28-0,guard,5
props-decimal-28-0,sum,__WEFT_NULL__
props-decimal-28-1,guard,0
props-decimal-28-1,sum,0.1
props-decimal-28-1,guard,5
props-decimal-28-1,sum,__WEFT_NULL__
props-decimal-28-2,guard,0
props-decimal-28-2,sum,0.01
props-decimal-28-2,guard,5
props-decimal-28-2,sum,__WEFT_NULL__
props-decimal-28-3,guard,0
props-decimal-28-3,sum,0.001
props-decimal-28-3,guard,5
props-decimal-28-3,sum,__WEFT_NULL__
props-decimal-28-4,guard,0
props-decimal-28-4,sum,0.0001
props-decimal-28-4,guard,5
props-decimal-28-4,sum,__WEFT_NULL__
props-decimal-28-5,guard,0
props-decimal-28-5,sum,0.00001
props-decimal-28-5,guard,5
props-decimal-28-5,sum,__WEFT_NULL__
props-decimal-28-6,guard,0
props-decimal-28-6,sum,0.000001
props-decimal-28-6,guard,5
props-decimal-28-6,sum,__WEFT_NULL__
props-decimal-28-7,guard,0
props-decimal-28-7,sum,0.0000001
props-decimal-28-7,guard,5
props-decimal-28-7,sum,__WEFT_NULL__
props-decimal-28-8,guard,0
props-decimal-28-8,sum,0.00000001
props-decimal-28-8,guard,5
props-decimal-28-8,sum,__WEFT_NULL__
props-decimal-28-9,guard,0
props-decimal-28-9,sum,0.000000001
props-decimal-28-9,guard,5
props-decimal-28-9,sum,__WEFT_NULL__
props-decimal-28-10,guard,0
props-decimal-28-10,sum,0.0000000001
props-decimal-28-10,guard,5
props-decimal-28-10,sum,__WEFT_NULL__
props-decimal-28-11,guard,0
props-decimal-28-11,sum,0.00000000001
props-decimal-28-11,guard,5
props-decimal-28-11,sum,__WEFT_NULL__
props-decimal-28-12,guard,0
props-decimal-28-12,sum,0.000000000001
props-decimal-28-12,guard,5
props-decimal-28-12,sum,__WEFT_NULL__
props-decimal-28-13,guard,0
props-decimal-28-13,sum,0.0000000000001
props-decimal-28-13,guard,5
props-decimal-28-13,sum,__WEFT_NULL__
props-decimal-28-14,guard,0
props-decimal-28-14,sum,0.00000000000001
props-decimal-28-14,guard,5
props-decimal-28-14,sum,__WEFT_NULL__
props-decimal-28-15,guard,0
props-decimal-28-15,sum,0.000000000000001
props-decimal-28-15,guard,5
props-decimal-28-15,sum,__WEFT_NULL__
props-decimal-28-16,guard,0
props-decimal-28-16,sum,0.0000000000000001
props-decimal-28-16,guard,5
props-decimal-28-16,sum,__WEFT_NULL__
props-decimal-28-17,guard,0
props-decimal-28-17,sum,0.00000000000000001
props-decimal-28-17,guard,5
props-decimal-28-17,sum,__WEFT_NULL__
props-decimal-28-18,guard,0
props-decimal-28-18,sum,0.000000000000000001
props-decimal-28-18,guard,5
props-decimal-28-18,sum,__WEFT_NULL__
props-decimal-28-19,guard,0
props-decimal-28-19,sum,0.0000000000000000001
props-decimal-28-19,guard,5
props-decimal-28-19,sum,__WEFT_NULL__
props-decimal-28-20,guard,0
props-decimal-28-20,sum,0.00000000000000000001
props-decimal-28-20,guard,5
props-decimal-28-20,sum,__WEFT_NULL__
props-decimal-28-21,guard,0
props-decimal-28-21,sum,0.000000000000000000001
props-decimal-28-21,guard,5
props-decimal-28-21,sum,__WEFT_NULL__
props-decimal-28-22,guard,0
props-decimal-28-22,sum,0.0000000000000000000001
props-decimal-28-22,guard,5
props-decimal-28-22,sum,__WEFT_NULL__
props-decimal-28-23,guard,0
props-decimal-28-23,sum,0.00000000000000000000001
props-decimal-28-23,guard,5
props-decimal-28-23,sum,__WEFT_NULL__
props-decimal-28-24,guard,0
props-decimal-28-24,sum,0.000000000000000000000001
props-decimal-28-24,guard,5
props-decimal-28-24,sum,__WEFT_NULL__
props-decimal-28-25,guard,0
props-decimal-28-25,sum,0.0000000000000000000000001
props-decimal-28-25,guard,5
props-decimal-28-25,sum,__WEFT_NULL__
props-decimal-28-26,guard,0
props-decimal-28-26,sum,0.00000000000000000000000001
props-decimal-28-26,guard,5
props-decimal-28-26,sum,__WEFT_NULL__
props-decimal-28-27,guard,0
props-decimal-28-27,sum,0.000000000000000000000000001
props-decimal-28-27,guard,5
props-decimal-28-27,sum,__WEFT_NULL__
props-decimal-28-28,guard,0
props-decimal-28-28,sum,0.0000000000000000000000000001
props-decimal-28-28,guard,5
props-decimal-28-28,sum,__WEFT_NULL__
props-integer-1-False,guard,0
props-integer-1-False,sum,2
props-integer-1-False,guard,5
props-integer-1-False,sum,__WEFT_NULL__
props-integer-2-False,guard,0
props-integer-2-False,sum,6
props-integer-2-False,guard,5
props-integer-2-False,sum,__WEFT_NULL__
props-integer-3-False,guard,0
props-integer-3-False,sum,14
props-integer-3-False,guard,5
props-integer-3-False,sum,__WEFT_NULL__
props-integer-4-False,guard,0
props-integer-4-False,sum,30
props-integer-4-False,guard,5
props-integer-4-False,sum,__WEFT_NULL__
props-integer-5-False,guard,0
props-integer-5-False,sum,62
props-integer-5-False,guard,5
props-integer-5-False,sum,__WEFT_NULL__
props-integer-6-False,guard,0
props-integer-6-False,sum,126
props-integer-6-False,guard,5
props-integer-6-False,sum,__WEFT_NULL__
props-integer-7-False,guard,0
props-integer-7-False,sum,254
props-integer-7-False,guard,5
props-integer-7-False,sum,__WEFT_NULL__
props-integer-8-False,guard,0
props-integer-8-False,sum,510
props-integer-8-False,guard,5
props-integer-8-False,sum,__WEFT_NULL__
props-integer-9-False,guard,0
props-integer-9-False,sum,1022
props-integer-9-False,guard,5
props-integer-9-False,sum,__WEFT_NULL__
props-integer-10-False,guard,0
props-integer-10-False,sum,2046
props-integer-10-False,guard,5
props-integer-10-False,sum,__WEFT_NULL__
props-integer-11-False,guard,0
props-integer-11-False,sum,4094
props-integer-11-False,guard,5
props-integer-11-False,sum,__WEFT_NULL__
props-integer-12-False,guard,0
props-integer-12-False,sum,8190
props-integer-12-False,guard,5
props-integer-12-False,sum,__WEFT_NULL__
props-integer-13-False,guard,0
props-integer-13-False,sum,16382
props-integer-13-False,guard,5
props-integer-13-False,sum,__WEFT_NULL__
props-integer-14-False,guard,0
props-integer-14-False,sum,32766
props-integer-14-False,guard,5
props-integer-14-False,sum,__WEFT_NULL__
props-integer-15-False,guard,0
props-integer-15-False,sum,65534
props-integer-15-False,guard,5
props-integer-15-False,sum,__WEFT_NULL__
props-integer-16-False,guard,0
props-integer-16-False,sum,131070
props-integer-16-False,guard,5
props-integer-16-False,sum,__WEFT_NULL__
props-integer-17-False,guard,0
props-integer-17-False,sum,262142
props-integer-17-False,guard,5
props-integer-17-False,sum,__WEFT_NULL__
props-integer-18-False,guard,0
props-integer-18-False,sum,524286
props-integer-18-False,guard,5
props-integer-18-False,sum,__WEFT_NULL__
props-integer-19-False,guard,0
props-integer-19-False,sum,1048574
props-integer-19-False,guard,5
props-integer-19-False,sum,__WEFT_NULL__
props-integer-20-False,guard,0
props-integer-20-False,sum,2097150
props-integer-20-False,guard,5
props-integer-20-False,sum,__WEFT_NULL__
props-integer-21-False,guard,0
props-integer-21-False,sum,4194302
props-integer-21-False,guard,5
props-integer-21-False,sum,__WEFT_NULL__
props-integer-22-False,guard,0
props-integer-22-False,sum,8388606
props-integer-22-False,guard,5
props-integer-22-False,sum,__WEFT_NULL__
props-integer-23-False,guard,0
props-integer-23-False,sum,16777214
props-integer-23-False,guard,5
props-integer-23-False,sum,__WEFT_NULL__
props-integer-24-False,guard,0
props-integer-24-False,sum,33554430
props-integer-24-False,guard,5
props-integer-24-False,sum,__WEFT_NULL__
props-integer-25-False,guard,0
props-integer-25-False,sum,67108862
props-integer-25-False,guard,5
props-integer-25-False,sum,__WEFT_NULL__
props-integer-26-False,guard,0
props-integer-26-False,sum,134217726
props-integer-26-False,guard,5
props-integer-26-False,sum,__WEFT_NULL__
props-integer-27-False,guard,0
props-integer-27-False,sum,268435454
props-integer-27-False,guard,5
props-integer-27-False,sum,__WEFT_NULL__
props-integer-28-False,guard,0
props-integer-28-False,sum,536870910
props-integer-28-False,guard,5
props-integer-28-False,sum,__WEFT_NULL__
props-integer-29-False,guard,0
props-integer-29-False,sum,1073741822
props-integer-29-False,guard,5
props-integer-29-False,sum,__WEFT_NULL__
props-integer-30-False,guard,0
props-integer-30-False,sum,2147483646
props-integer-30-False,guard,5
props-integer-30-False,sum,__WEFT_NULL__
props-integer-31-False,guard,0
props-integer-31-False,sum,4294967294
props-integer-31-False,guard,5
props-integer-31-False,sum,__WEFT_NULL__
props-integer-32-False,guard,0
props-integer-32-False,sum,8589934590
props-integer-32-False,guard,5
props-integer-32-False,sum,__WEFT_NULL__
props-integer-33-False,guard,0
props-integer-33-False,sum,17179869182
props-integer-33-False,guard,5
props-integer-33-False,sum,__WEFT_NULL__
props-integer-34-False,guard,0
props-integer-34-False,sum,34359738366
props-integer-34-False,guard,5
props-integer-34-False,sum,__WEFT_NULL__
props-integer-35-False,guard,0
props-integer-35-False,sum,68719476734
props-integer-35-False,guard,5
props-integer-35-False,sum,__WEFT_NULL__
props-integer-36-False,guard,0
props-integer-36-False,sum,137438953470
props-integer-36-False,guard,5
props-integer-36-False,sum,__WEFT_NULL__
props-integer-37-False,guard,0
props-integer-37-False,sum,274877906942
props-integer-37-False,guard,5
props-integer-37-False,sum,__WEFT_NULL__
props-integer-38-False,guard,0
props-integer-38-False,sum,549755813886
props-integer-38-False,guard,5
props-integer-38-False,sum,__WEFT_NULL__
props-integer-39-False,guard,0
props-integer-39-False,sum,1099511627774
props-integer-39-False,guard,5
props-integer-39-False,sum,__WEFT_NULL__
props-integer-40-False,guard,0
props-integer-40-False,sum,2199023255550
props-integer-40-False,guard,5
props-integer-40-False,sum,__WEFT_NULL__
props-integer-41-False,guard,0
props-integer-41-False,sum,4398046511102
props-integer-41-False,guard,5
props-integer-41-False,sum,__WEFT_NULL__
props-integer-42-False,guard,0
props-integer-42-False,sum,8796093022206
props-integer-42-False,guard,5
props-integer-42-False,sum,__WEFT_NULL__
props-integer-43-False,guard,0
props-integer-43-False,sum,17592186044414
props-integer-43-False,guard,5
props-integer-43-False,sum,__WEFT_NULL__
props-integer-44-False,guard,0
props-integer-44-False,sum,35184372088830
props-integer-44-False,guard,5
props-integer-44-False,sum,__WEFT_NULL__
props-integer-45-False,guard,0
props-integer-45-False,sum,70368744177662
props-integer-45-False,guard,5
props-integer-45-False,sum,__WEFT_NULL__
props-integer-46-False,guard,0
props-integer-46-False,sum,140737488355326
props-integer-46-False,guard,5
props-integer-46-False,sum,__WEFT_NULL__
props-integer-47-False,guard,0
props-integer-47-False,sum,281474976710654
props-integer-47-False,guard,5
props-integer-47-False,sum,__WEFT_NULL__
props-integer-48-False,guard,0
props-integer-48-False,sum,562949953421310
props-integer-48-False,guard,5
props-integer-48-False,sum,__WEFT_NULL__
props-integer-49-False,guard,0
props-integer-49-False,sum,1125899906842622
props-integer-49-False,guard,5
props-integer-49-False,sum,__WEFT_NULL__
props-integer-50-False,guard,0
props-integer-50-False,sum,2251799813685246
props-integer-50-False,guard,5
props-integer-50-False,sum,__WEFT_NULL__
props-integer-51-False,guard,0
props-integer-51-False,sum,4503599627370494
props-integer-51-False,guard,5
props-integer-51-False,sum,__WEFT_NULL__
props-integer-52-False,guard,0
props-integer-52-False,sum,9007199254740990
props-integer-52-False,guard,5
props-integer-52-False,sum,__WEFT_NULL__
props-integer-53-False,guard,0
props-integer-53-False,sum,18014398509481982
props-integer-53-False,guard,5
props-integer-53-False,sum,__WEFT_NULL__
props-integer-54-False,guard,0
props-integer-54-False,sum,36028797018963966
props-integer-54-False,guard,5
props-integer-54-False,sum,__WEFT_NULL__
props-integer-55-False,guard,0
props-integer-55-False,sum,72057594037927934
props-integer-55-False,guard,5
props-integer-55-False,sum,__WEFT_NULL__
props-integer-56-False,guard,0
props-integer-56-False,sum,144115188075855870
props-integer-56-False,guard,5
props-integer-56-False,sum,__WEFT_NULL__
props-integer-57-False,guard,0
props-integer-57-False,sum,288230376151711742
props-integer-57-False,guard,5
props-integer-57-False,sum,__WEFT_NULL__
props-integer-58-False,guard,0
props-integer-58-False,sum,576460752303423486
props-integer-58-False,guard,5
props-integer-58-False,sum,__WEFT_NULL__
props-integer-59-False,guard,0
props-integer-59-False,sum,1152921504606846974
props-integer-59-False,guard,5
props-integer-59-False,sum,__WEFT_NULL__
props-integer-60-False,guard,0
props-integer-60-False,sum,2305843009213693950
props-integer-60-False,guard,5
props-integer-60-False,sum,__WEFT_NULL__
props-integer-61-False,guard,0
props-integer-61-False,sum,4611686018427387902
props-integer-61-False,guard,5
props-integer-61-False,sum,__WEFT_NULL__
props-integer-62-False,guard,0
props-integer-62-False,sum,9223372036854775806
props-integer-62-False,guard,5
props-integer-62-False,sum,__WEFT_NULL__
props-integer-63-False,guard,0
props-integer-63-False,sum,18446744073709551614
props-integer-63-False,guard,5
props-integer-63-False,sum,__WEFT_NULL__
props-integer-64-False,guard,0
props-integer-64-False,sum,36893488147419103230
props-integer-64-False,guard,5
props-integer-64-False,sum,__WEFT_NULL__
props-integer-1-True,guard,0
props-integer-1-True,sum,-2
props-integer-1-True,guard,5
props-integer-1-True,sum,__WEFT_NULL__
props-integer-2-True,guard,0
props-integer-2-True,sum,-2
props-integer-2-True,guard,5
props-integer-2-True,sum,__WEFT_NULL__
props-integer-3-True,guard,0
props-integer-3-True,sum,-2
props-integer-3-True,guard,5
props-integer-3-True,sum,__WEFT_NULL__
props-integer-4-True,guard,0
props-integer-4-True,sum,-2
props-integer-4-True,guard,5
props-integer-4-True,sum,__WEFT_NULL__
props-integer-5-True,guard,0
props-integer-5-True,sum,-2
props-integer-5-True,guard,5
props-integer-5-True,sum,__WEFT_NULL__
props-integer-6-True,guard,0
props-integer-6-True,sum,-2
props-integer-6-True,guard,5
props-integer-6-True,sum,__WEFT_NULL__
props-integer-7-True,guard,0
props-integer-7-True,sum,-2
props-integer-7-True,guard,5
props-integer-7-True,sum,__WEFT_NULL__
props-integer-8-True,guard,0
props-integer-8-True,sum,-2
props-integer-8-True,guard,5
props-integer-8-True,sum,__WEFT_NULL__
props-integer-9-True,guard,0
props-integer-9-True,sum,-2
props-integer-9-True,guard,5
props-integer-9-True,sum,__WEFT_NULL__
props-integer-10-True,guard,0
props-integer-10-True,sum,-2
props-integer-10-True,guard,5
props-integer-10-True,sum,__WEFT_NULL__
props-integer-11-True,guard,0
props-integer-11-True,sum,-2
props-integer-11-True,guard,5
props-integer-11-True,sum,__WEFT_NULL__
props-integer-12-True,guard,0
props-integer-12-True,sum,-2
props-integer-12-True,guard,5
props-integer-12-True,sum,__WEFT_NULL__
props-integer-13-True,guard,0
props-integer-13-True,sum,-2
props-integer-13-True,guard,5
props-integer-13-True,sum,__WEFT_NULL__
props-integer-14-True,guard,0
props-integer-14-True,sum,-2
props-integer-14-True,guard,5
props-integer-14-True,sum,__WEFT_NULL__
props-integer-15-True,guard,0
props-integer-15-True,sum,-2
props-integer-15-True,guard,5
props-integer-15-True,sum,__WEFT_NULL__
props-integer-16-True,guard,0
props-integer-16-True,sum,-2
props-integer-16-True,guard,5
props-integer-16-True,sum,__WEFT_NULL__
props-integer-17-True,guard,0
props-integer-17-True,sum,-2
props-integer-17-True,guard,5
props-integer-17-True,sum,__WEFT_NULL__
props-integer-18-True,guard,0
props-integer-18-True,sum,-2
props-integer-18-True,guard,5
props-integer-18-True,sum,__WEFT_NULL__
props-integer-19-True,guard,0
props-integer-19-True,sum,-2
props-integer-19-True,guard,5
props-integer-19-True,sum,__WEFT_NULL__
props-integer-20-True,guard,0
props-integer-20-True,sum,-2
props-integer-20-True,guard,5
props-integer-20-True,sum,__WEFT_NULL__
props-integer-21-True,guard,0
props-integer-21-True,sum,-2
props-integer-21-True,guard,5
props-integer-21-True,sum,__WEFT_NULL__
props-integer-22-True,guard,0
props-integer-22-True,sum,-2
props-integer-22-True,guard,5
props-integer-22-True,sum,__WEFT_NULL__
props-integer-23-True,guard,0
props-integer-23-True,sum,-2
props-integer-23-True,guard,5
props-integer-23-True,sum,__WEFT_NULL__
props-integer-24-True,guard,0
props-integer-24-True,sum,-2
props-integer-24-True,guard,5
props-integer-24-True,sum,__WEFT_NULL__
props-integer-25-True,guard,0
props-integer-25-True,sum,-2
props-integer-25-True,guard,5
props-integer-25-True,sum,__WEFT_NULL__
props-integer-26-True,guard,0
props-integer-26-True,sum,-2
props-integer-26-True,guard,5
props-integer-26-True,sum,__WEFT_NULL__
props-integer-27-True,guard,0
props-integer-27-True,sum,-2
props-integer-27-True,guard,5
props-integer-27-True,sum,__WEFT_NULL__
props-integer-28-True,guard,0
props-integer-28-True,sum,-2
props-integer-28-True,guard,5
props-integer-28-True,sum,__WEFT_NULL__
props-integer-29-True,guard,0
props-integer-29-True,sum,-2
props-integer-29-True,guard,5
props-integer-29-True,sum,__WEFT_NULL__
props-integer-30-True,guard,0
props-integer-30-True,sum,-2
props-integer-30-True,guard,5
props-integer-30-True,sum,__WEFT_NULL__
props-integer-31-True,guard,0
props-integer-31-True,sum,-2
props-integer-31-True,guard,5
props-integer-31-True,sum,__WEFT_NULL__
props-integer-32-True,guard,0
props-integer-32-True,sum,-2
props-integer-32-True,guard,5
props-integer-32-True,sum,__WEFT_NULL__
props-integer-33-True,guard,0
props-integer-33-True,sum,-2
props-integer-33-True,guard,5
props-integer-33-True,sum,__WEFT_NULL__
props-integer-34-True,guard,0
props-integer-34-True,sum,-2
props-integer-34-True,guard,5
props-integer-34-True,sum,__WEFT_NULL__
props-integer-35-True,guard,0
props-integer-35-True,sum,-2
props-integer-35-True,guard,5
props-integer-35-True,sum,__WEFT_NULL__
props-integer-36-True,guard,0
props-integer-36-True,sum,-2
props-integer-36-True,guard,5
props-integer-36-True,sum,__WEFT_NULL__
props-integer-37-True,guard,0
props-integer-37-True,sum,-2
props-integer-37-True,guard,5
props-integer-37-True,sum,__WEFT_NULL__
props-integer-38-True,guard,0
props-integer-38-True,sum,-2
props-integer-38-True,guard,5
props-integer-38-True,sum,__WEFT_NULL__
props-integer-39-True,guard,0
props-integer-39-True,sum,-2
props-integer-39-True,guard,5
props-integer-39-True,sum,__WEFT_NULL__
props-integer-40-True,guard,0
props-integer-40-True,sum,-2
props-integer-40-True,guard,5
props-integer-40-True,sum,__WEFT_NULL__
props-integer-41-True,guard,0
props-integer-41-True,sum,-2
props-integer-41-True,guard,5
props-integer-41-True,sum,__WEFT_NULL__
props-integer-42-True,guard,0
props-integer-42-True,sum,-2
props-integer-42-True,guard,5
props-integer-42-True,sum,__WEFT_NULL__
props-integer-43-True,guard,0
props-integer-43-True,sum,-2
props-integer-43-True,guard,5
props-integer-43-True,sum,__WEFT_NULL__
props-integer-44-True,guard,0
props-integer-44-True,sum,-2
props-integer-44-True,guard,5
props-integer-44-True,sum,__WEFT_NULL__
props-integer-45-True,guard,0
props-integer-45-True,sum,-2
props-integer-45-True,guard,5
props-integer-45-True,sum,__WEFT_NULL__
props-integer-46-True,guard,0
props-integer-46-True,sum,-2
props-integer-46-True,guard,5
props-integer-46-True,sum,__WEFT_NULL__
props-integer-47-True,guard,0
props-integer-47-True,sum,-2
props-integer-47-True,guard,5
props-integer-47-True,sum,__WEFT_NULL__
props-integer-48-True,guard,0
props-integer-48-True,sum,-2
props-integer-48-True,guard,5
props-integer-48-True,sum,__WEFT_NULL__
props-integer-49-True,guard,0
props-integer-49-True,sum,-2
props-integer-49-True,guard,5
props-integer-49-True,sum,__WEFT_NULL__
props-integer-50-True,guard,0
props-integer-50-True,sum,-2
props-integer-50-True,guard,5
props-integer-50-True,sum,__WEFT_NULL__
props-integer-51-True,guard,0
props-integer-51-True,sum,-2
props-integer-51-True,guard,5
props-integer-51-True,sum,__WEFT_NULL__
props-integer-52-True,guard,0
props-integer-52-True,sum,-2
props-integer-52-True,guard,5
props-integer-52-True,sum,__WEFT_NULL__
props-integer-53-True,guard,0
props-integer-53-True,sum,-2
props-integer-53-True,guard,5
props-integer-53-True,sum,__WEFT_NULL__
props-integer-54-True,guard,0
props-integer-54-True,sum,-2
props-integer-54-True,guard,5
props-integer-54-True,sum,__WEFT_NULL__
props-integer-55-True,guard,0
props-integer-55-True,sum,-2
props-integer-55-True,guard,5
props-integer-55-True,sum,__WEFT_NULL__
props-integer-56-True,guard,0
props-integer-56-True,sum,-2
props-integer-56-True,guard,5
props-integer-56-True,sum,__WEFT_NULL__
props-integer-57-True,guard,0
props-integer-57-True,sum,-2
props-integer-57-True,guard,5
props-integer-57-True,sum,__WEFT_NULL__
props-integer-58-True,guard,0
props-integer-58-True,sum,-2
props-integer-58-True,guard,5
props-integer-58-True,sum,__WEFT_NULL__
props-integer-59-True,guard,0
props-integer-59-True,sum,-2
props-integer-59-True,guard,5
props-integer-59-True,sum,__WEFT_NULL__
props-integer-60-True,guard,0
props-integer-60-True,sum,-2
props-integer-60-True,guard,5
props-integer-60-True,sum,__WEFT_NULL__
props-integer-61-True,guard,0
props-integer-61-True,sum,-2
props-integer-61-True,guard,5
props-integer-61-True,sum,__WEFT_NULL__
props-integer-62-True,guard,0
props-integer-62-True,sum,-2
props-integer-62-True,guard,5
props-integer-62-True,sum,__WEFT_NULL__
props-integer-63-True,guard,0
props-integer-63-True,sum,-2
props-integer-63-True,guard,5
props-integer-63-True,sum,__WEFT_NULL__
props-integer-64-True,guard,0
props-integer-64-True,sum,-2
props-integer-64-True,guard,5
props-integer-64-True,sum,__WEFT_NULL__
row-decimal-1-0,guard,0
row-decimal-1-0,sum,1
row-decimal-1-0,guard,5
row-decimal-1-0,sum,__WEFT_NULL__
row-decimal-1-1,guard,0
row-decimal-1-1,sum,0.1
row-decimal-1-1,guard,5
row-decimal-1-1,sum,__WEFT_NULL__
row-decimal-2-0,guard,0
row-decimal-2-0,sum,1
row-decimal-2-0,guard,5
row-decimal-2-0,sum,__WEFT_NULL__
row-decimal-2-1,guard,0
row-decimal-2-1,sum,0.1
row-decimal-2-1,guard,5
row-decimal-2-1,sum,__WEFT_NULL__
row-decimal-2-2,guard,0
row-decimal-2-2,sum,0.01
row-decimal-2-2,guard,5
row-decimal-2-2,sum,__WEFT_NULL__
row-decimal-3-0,guard,0
row-decimal-3-0,sum,1
row-decimal-3-0,guard,5
row-decimal-3-0,sum,__WEFT_NULL__
row-decimal-3-1,guard,0
row-decimal-3-1,sum,0.1
row-decimal-3-1,guard,5
row-decimal-3-1,sum,__WEFT_NULL__
row-decimal-3-2,guard,0
row-decimal-3-2,sum,0.01
row-decimal-3-2,guard,5
row-decimal-3-2,sum,__WEFT_NULL__
row-decimal-3-3,guard,0
row-decimal-3-3,sum,0.001
row-decimal-3-3,guard,5
row-decimal-3-3,sum,__WEFT_NULL__
row-decimal-4-0,guard,0
row-decimal-4-0,sum,1
row-decimal-4-0,guard,5
row-decimal-4-0,sum,__WEFT_NULL__
row-decimal-4-1,guard,0
row-decimal-4-1,sum,0.1
row-decimal-4-1,guard,5
row-decimal-4-1,sum,__WEFT_NULL__
row-decimal-4-2,guard,0
row-decimal-4-2,sum,0.01
row-decimal-4-2,guard,5
row-decimal-4-2,sum,__WEFT_NULL__
row-decimal-4-3,guard,0
row-decimal-4-3,sum,0.001
row-decimal-4-3,guard,5
row-decimal-4-3,sum,__WEFT_NULL__
row-decimal-4-4,guard,0
row-decimal-4-4,sum,0.0001
row-decimal-4-4,guard,5
row-decimal-4-4,sum,__WEFT_NULL__
row-decimal-5-0,guard,0
row-decimal-5-0,sum,1
row-decimal-5-0,guard,5
row-decimal-5-0,sum,__WEFT_NULL__
row-decimal-5-1,guard,0
row-decimal-5-1,sum,0.1
row-decimal-5-1,guard,5
row-decimal-5-1,sum,__WEFT_NULL__
row-decimal-5-2,guard,0
row-decimal-5-2,sum,0.01
row-decimal-5-2,guard,5
row-decimal-5-2,sum,__WEFT_NULL__
row-decimal-5-3,guard,0
row-decimal-5-3,sum,0.001
row-decimal-5-3,guard,5
row-decimal-5-3,sum,__WEFT_NULL__
row-decimal-5-4,guard,0
row-decimal-5-4,sum,0.0001
row-decimal-5-4,guard,5
row-decimal-5-4,sum,__WEFT_NULL__
row-decimal-5-5,guard,0
row-decimal-5-5,sum,0.00001
row-decimal-5-5,guard,5
row-decimal-5-5,sum,__WEFT_NULL__
row-decimal-6-0,guard,0
row-decimal-6-0,sum,1
row-decimal-6-0,guard,5
row-decimal-6-0,sum,__WEFT_NULL__
row-decimal-6-1,guard,0
row-decimal-6-1,sum,0.1
row-decimal-6-1,guard,5
row-decimal-6-1,sum,__WEFT_NULL__
row-decimal-6-2,guard,0
row-decimal-6-2,sum,0.01
row-decimal-6-2,guard,5
row-decimal-6-2,sum,__WEFT_NULL__
row-decimal-6-3,guard,0
row-decimal-6-3,sum,0.001
row-decimal-6-3,guard,5
row-decimal-6-3,sum,__WEFT_NULL__
row-decimal-6-4,guard,0
row-decimal-6-4,sum,0.0001
row-decimal-6-4,guard,5
row-decimal-6-4,sum,__WEFT_NULL__
row-decimal-6-5,guard,0
row-decimal-6-5,sum,0.00001
row-decimal-6-5,guard,5
row-decimal-6-5,sum,__WEFT_NULL__
row-decimal-6-6,guard,0
row-decimal-6-6,sum,0.000001
row-decimal-6-6,guard,5
row-decimal-6-6,sum,__WEFT_NULL__
row-decimal-7-0,guard,0
row-decimal-7-0,sum,1
row-decimal-7-0,guard,5
row-decimal-7-0,sum,__WEFT_NULL__
row-decimal-7-1,guard,0
row-decimal-7-1,sum,0.1
row-decimal-7-1,guard,5
row-decimal-7-1,sum,__WEFT_NULL__
row-decimal-7-2,guard,0
row-decimal-7-2,sum,0.01
row-decimal-7-2,guard,5
row-decimal-7-2,sum,__WEFT_NULL__
row-decimal-7-3,guard,0
row-decimal-7-3,sum,0.001
row-decimal-7-3,guard,5
row-decimal-7-3,sum,__WEFT_NULL__
row-decimal-7-4,guard,0
row-decimal-7-4,sum,0.0001
row-decimal-7-4,guard,5
row-decimal-7-4,sum,__WEFT_NULL__
row-decimal-7-5,guard,0
row-decimal-7-5,sum,0.00001
row-decimal-7-5,guard,5
row-decimal-7-5,sum,__WEFT_NULL__
row-decimal-7-6,guard,0
row-decimal-7-6,sum,0.000001
row-decimal-7-6,guard,5
row-decimal-7-6,sum,__WEFT_NULL__
row-decimal-7-7,guard,0
row-decimal-7-7,sum,0.0000001
row-decimal-7-7,guard,5
row-decimal-7-7,sum,__WEFT_NULL__
row-decimal-8-0,guard,0
row-decimal-8-0,sum,1
row-decimal-8-0,guard,5
row-decimal-8-0,sum,__WEFT_NULL__
row-decimal-8-1,guard,0
row-decimal-8-1,sum,0.1
row-decimal-8-1,guard,5
row-decimal-8-1,sum,__WEFT_NULL__
row-decimal-8-2,guard,0
row-decimal-8-2,sum,0.01
row-decimal-8-2,guard,5
row-decimal-8-2,sum,__WEFT_NULL__
row-decimal-8-3,guard,0
row-decimal-8-3,sum,0.001
row-decimal-8-3,guard,5
row-decimal-8-3,sum,__WEFT_NULL__
row-decimal-8-4,guard,0
row-decimal-8-4,sum,0.0001
row-decimal-8-4,guard,5
row-decimal-8-4,sum,__WEFT_NULL__
row-decimal-8-5,guard,0
row-decimal-8-5,sum,0.00001
row-decimal-8-5,guard,5
row-decimal-8-5,sum,__WEFT_NULL__
row-decimal-8-6,guard,0
row-decimal-8-6,sum,0.000001
row-decimal-8-6,guard,5
row-decimal-8-6,sum,__WEFT_NULL__
row-decimal-8-7,guard,0
row-decimal-8-7,sum,0.0000001
row-decimal-8-7,guard,5
row-decimal-8-7,sum,__WEFT_NULL__
row-decimal-8-8,guard,0
row-decimal-8-8,sum,0.00000001
row-decimal-8-8,guard,5
row-decimal-8-8,sum,__WEFT_NULL__
row-decimal-9-0,guard,0
row-decimal-9-0,sum,1
row-decimal-9-0,guard,5
row-decimal-9-0,sum,__WEFT_NULL__
row-decimal-9-1,guard,0
row-decimal-9-1,sum,0.1
row-decimal-9-1,guard,5
row-decimal-9-1,sum,__WEFT_NULL__
row-decimal-9-2,guard,0
row-decimal-9-2,sum,0.01
row-decimal-9-2,guard,5
row-decimal-9-2,sum,__WEFT_NULL__
row-decimal-9-3,guard,0
row-decimal-9-3,sum,0.001
row-decimal-9-3,guard,5
row-decimal-9-3,sum,__WEFT_NULL__
row-decimal-9-4,guard,0
row-decimal-9-4,sum,0.0001
row-decimal-9-4,guard,5
row-decimal-9-4,sum,__WEFT_NULL__
row-decimal-9-5,guard,0
row-decimal-9-5,sum,0.00001
row-decimal-9-5,guard,5
row-decimal-9-5,sum,__WEFT_NULL__
row-decimal-9-6,guard,0
row-decimal-9-6,sum,0.000001
row-decimal-9-6,guard,5
row-decimal-9-6,sum,__WEFT_NULL__
row-decimal-9-7,guard,0
row-decimal-9-7,sum,0.0000001
row-decimal-9-7,guard,5
row-decimal-9-7,sum,__WEFT_NULL__
row-decimal-9-8,guard,0
row-decimal-9-8,sum,0.00000001
row-decimal-9-8,guard,5
row-decimal-9-8,sum,__WEFT_NULL__
row-decimal-9-9,guard,0
row-decimal-9-9,sum,0.000000001
row-decimal-9-9,guard,5
row-decimal-9-9,sum,__WEFT_NULL__
row-decimal-10-0,guard,0
row-decimal-10-0,sum,1
row-decimal-10-0,guard,5
row-decimal-10-0,sum,__WEFT_NULL__
row-decimal-10-1,guard,0
row-decimal-10-1,sum,0.1
row-decimal-10-1,guard,5
row-decimal-10-1,sum,__WEFT_NULL__
row-decimal-10-2,guard,0
row-decimal-10-2,sum,0.01
row-decimal-10-2,guard,5
row-decimal-10-2,sum,__WEFT_NULL__
row-decimal-10-3,guard,0
row-decimal-10-3,sum,0.001
row-decimal-10-3,guard,5
row-decimal-10-3,sum,__WEFT_NULL__
row-decimal-10-4,guard,0
row-decimal-10-4,sum,0.0001
row-decimal-10-4,guard,5
row-decimal-10-4,sum,__WEFT_NULL__
row-decimal-10-5,guard,0
row-decimal-10-5,sum,0.00001
row-decimal-10-5,guard,5
row-decimal-10-5,sum,__WEFT_NULL__
row-decimal-10-6,guard,0
row-decimal-10-6,sum,0.000001
row-decimal-10-6,guard,5
row-decimal-10-6,sum,__WEFT_NULL__
row-decimal-10-7,guard,0
row-decimal-10-7,sum,0.0000001
row-decimal-10-7,guard,5
row-decimal-10-7,sum,__WEFT_NULL__
row-decimal-10-8,guard,0
row-decimal-10-8,sum,0.00000001
row-decimal-10-8,guard,5
row-decimal-10-8,sum,__WEFT_NULL__
row-decimal-10-9,guard,0
row-decimal-10-9,sum,0.000000001
row-decimal-10-9,guard,5
row-decimal-10-9,sum,__WEFT_NULL__
row-decimal-10-10,guard,0
row-decimal-10-10,sum,0.0000000001
row-decimal-10-10,guard,5
row-decimal-10-10,sum,__WEFT_NULL__
row-decimal-11-0,guard,0
row-decimal-11-0,sum,1
row-decimal-11-0,guard,5
row-decimal-11-0,sum,__WEFT_NULL__
row-decimal-11-1,guard,0
row-decimal-11-1,sum,0.1
row-decimal-11-1,guard,5
row-decimal-11-1,sum,__WEFT_NULL__
row-decimal-11-2,guard,0
row-decimal-11-2,sum,0.01
row-decimal-11-2,guard,5
row-decimal-11-2,sum,__WEFT_NULL__
row-decimal-11-3,guard,0
row-decimal-11-3,sum,0.001
row-decimal-11-3,guard,5
row-decimal-11-3,sum,__WEFT_NULL__
row-decimal-11-4,guard,0
row-decimal-11-4,sum,0.0001
row-decimal-11-4,guard,5
row-decimal-11-4,sum,__WEFT_NULL__
row-decimal-11-5,guard,0
row-decimal-11-5,sum,0.00001
row-decimal-11-5,guard,5
row-decimal-11-5,sum,__WEFT_NULL__
row-decimal-11-6,guard,0
row-decimal-11-6,sum,0.000001
row-decimal-11-6,guard,5
row-decimal-11-6,sum,__WEFT_NULL__
row-decimal-11-7,guard,0
row-decimal-11-7,sum,0.0000001
row-decimal-11-7,guard,5
row-decimal-11-7,sum,__WEFT_NULL__
row-decimal-11-8,guard,0
row-decimal-11-8,sum,0.00000001
row-decimal-11-8,guard,5
row-decimal-11-8,sum,__WEFT_NULL__
row-decimal-11-9,guard,0
row-decimal-11-9,sum,0.000000001
row-decimal-11-9,guard,5
row-decimal-11-9,sum,__WEFT_NULL__
row-decimal-11-10,guard,0
row-decimal-11-10,sum,0.0000000001
row-decimal-11-10,guard,5
row-decimal-11-10,sum,__WEFT_NULL__
row-decimal-11-11,guard,0
row-decimal-11-11,sum,0.00000000001
row-decimal-11-11,guard,5
row-decimal-11-11,sum,__WEFT_NULL__
row-decimal-12-0,guard,0
row-decimal-12-0,sum,1
row-decimal-12-0,guard,5
row-decimal-12-0,sum,__WEFT_NULL__
row-decimal-12-1,guard,0
row-decimal-12-1,sum,0.1
row-decimal-12-1,guard,5
row-decimal-12-1,sum,__WEFT_NULL__
row-decimal-12-2,guard,0
row-decimal-12-2,sum,0.01
row-decimal-12-2,guard,5
row-decimal-12-2,sum,__WEFT_NULL__
row-decimal-12-3,guard,0
row-decimal-12-3,sum,0.001
row-decimal-12-3,guard,5
row-decimal-12-3,sum,__WEFT_NULL__
row-decimal-12-4,guard,0
row-decimal-12-4,sum,0.0001
row-decimal-12-4,guard,5
row-decimal-12-4,sum,__WEFT_NULL__
row-decimal-12-5,guard,0
row-decimal-12-5,sum,0.00001
row-decimal-12-5,guard,5
row-decimal-12-5,sum,__WEFT_NULL__
row-decimal-12-6,guard,0
row-decimal-12-6,sum,0.000001
row-decimal-12-6,guard,5
row-decimal-12-6,sum,__WEFT_NULL__
row-decimal-12-7,guard,0
row-decimal-12-7,sum,0.0000001
row-decimal-12-7,guard,5
row-decimal-12-7,sum,__WEFT_NULL__
row-decimal-12-8,guard,0
row-decimal-12-8,sum,0.00000001
row-decimal-12-8,guard,5
row-decimal-12-8,sum,__WEFT_NULL__
row-decimal-12-9,guard,0
row-decimal-12-9,sum,0.000000001
row-decimal-12-9,guard,5
row-decimal-12-9,sum,__WEFT_NULL__
row-decimal-12-10,guard,0
row-decimal-12-10,sum,0.0000000001
row-decimal-12-10,guard,5
row-decimal-12-10,sum,__WEFT_NULL__
row-decimal-12-11,guard,0
row-decimal-12-11,sum,0.00000000001
row-decimal-12-11,guard,5
row-decimal-12-11,sum,__WEFT_NULL__
row-decimal-12-12,guard,0
row-decimal-12-12,sum,0.000000000001
row-decimal-12-12,guard,5
row-decimal-12-12,sum,__WEFT_NULL__
row-decimal-13-0,guard,0
row-decimal-13-0,sum,1
row-decimal-13-0,guard,5
row-decimal-13-0,sum,__WEFT_NULL__
row-decimal-13-1,guard,0
row-decimal-13-1,sum,0.1
row-decimal-13-1,guard,5
row-decimal-13-1,sum,__WEFT_NULL__
row-decimal-13-2,guard,0
row-decimal-13-2,sum,0.01
row-decimal-13-2,guard,5
row-decimal-13-2,sum,__WEFT_NULL__
row-decimal-13-3,guard,0
row-decimal-13-3,sum,0.001
row-decimal-13-3,guard,5
row-decimal-13-3,sum,__WEFT_NULL__
row-decimal-13-4,guard,0
row-decimal-13-4,sum,0.0001
row-decimal-13-4,guard,5
row-decimal-13-4,sum,__WEFT_NULL__
row-decimal-13-5,guard,0
row-decimal-13-5,sum,0.00001
row-decimal-13-5,guard,5
row-decimal-13-5,sum,__WEFT_NULL__
row-decimal-13-6,guard,0
row-decimal-13-6,sum,0.000001
row-decimal-13-6,guard,5
row-decimal-13-6,sum,__WEFT_NULL__
row-decimal-13-7,guard,0
row-decimal-13-7,sum,0.0000001
row-decimal-13-7,guard,5
row-decimal-13-7,sum,__WEFT_NULL__
row-decimal-13-8,guard,0
row-decimal-13-8,sum,0.00000001
row-decimal-13-8,guard,5
row-decimal-13-8,sum,__WEFT_NULL__
row-decimal-13-9,guard,0
row-decimal-13-9,sum,0.000000001
row-decimal-13-9,guard,5
row-decimal-13-9,sum,__WEFT_NULL__
row-decimal-13-10,guard,0
row-decimal-13-10,sum,0.0000000001
row-decimal-13-10,guard,5
row-decimal-13-10,sum,__WEFT_NULL__
row-decimal-13-11,guard,0
row-decimal-13-11,sum,0.00000000001
row-decimal-13-11,guard,5
row-decimal-13-11,sum,__WEFT_NULL__
row-decimal-13-12,guard,0
row-decimal-13-12,sum,0.000000000001
row-decimal-13-12,guard,5
row-decimal-13-12,sum,__WEFT_NULL__
row-decimal-13-13,guard,0
row-decimal-13-13,sum,0.0000000000001
row-decimal-13-13,guard,5
row-decimal-13-13,sum,__WEFT_NULL__
row-decimal-14-0,guard,0
row-decimal-14-0,sum,1
row-decimal-14-0,guard,5
row-decimal-14-0,sum,__WEFT_NULL__
row-decimal-14-1,guard,0
row-decimal-14-1,sum,0.1
row-decimal-14-1,guard,5
row-decimal-14-1,sum,__WEFT_NULL__
row-decimal-14-2,guard,0
row-decimal-14-2,sum,0.01
row-decimal-14-2,guard,5
row-decimal-14-2,sum,__WEFT_NULL__
row-decimal-14-3,guard,0
row-decimal-14-3,sum,0.001
row-decimal-14-3,guard,5
row-decimal-14-3,sum,__WEFT_NULL__
row-decimal-14-4,guard,0
row-decimal-14-4,sum,0.0001
row-decimal-14-4,guard,5
row-decimal-14-4,sum,__WEFT_NULL__
row-decimal-14-5,guard,0
row-decimal-14-5,sum,0.00001
row-decimal-14-5,guard,5
row-decimal-14-5,sum,__WEFT_NULL__
row-decimal-14-6,guard,0
row-decimal-14-6,sum,0.000001
row-decimal-14-6,guard,5
row-decimal-14-6,sum,__WEFT_NULL__
row-decimal-14-7,guard,0
row-decimal-14-7,sum,0.0000001
row-decimal-14-7,guard,5
row-decimal-14-7,sum,__WEFT_NULL__
row-decimal-14-8,guard,0
row-decimal-14-8,sum,0.00000001
row-decimal-14-8,guard,5
row-decimal-14-8,sum,__WEFT_NULL__
row-decimal-14-9,guard,0
row-decimal-14-9,sum,0.000000001
row-decimal-14-9,guard,5
row-decimal-14-9,sum,__WEFT_NULL__
row-decimal-14-10,guard,0
row-decimal-14-10,sum,0.0000000001
row-decimal-14-10,guard,5
row-decimal-14-10,sum,__WEFT_NULL__
row-decimal-14-11,guard,0
row-decimal-14-11,sum,0.00000000001
row-decimal-14-11,guard,5
row-decimal-14-11,sum,__WEFT_NULL__
row-decimal-14-12,guard,0
row-decimal-14-12,sum,0.000000000001
row-decimal-14-12,guard,5
row-decimal-14-12,sum,__WEFT_NULL__
row-decimal-14-13,guard,0
row-decimal-14-13,sum,0.0000000000001
row-decimal-14-13,guard,5
row-decimal-14-13,sum,__WEFT_NULL__
row-decimal-14-14,guard,0
row-decimal-14-14,sum,0.00000000000001
row-decimal-14-14,guard,5
row-decimal-14-14,sum,__WEFT_NULL__
row-decimal-15-0,guard,0
row-decimal-15-0,sum,1
row-decimal-15-0,guard,5
row-decimal-15-0,sum,__WEFT_NULL__
row-decimal-15-1,guard,0
row-decimal-15-1,sum,0.1
row-decimal-15-1,guard,5
row-decimal-15-1,sum,__WEFT_NULL__
row-decimal-15-2,guard,0
row-decimal-15-2,sum,0.01
row-decimal-15-2,guard,5
row-decimal-15-2,sum,__WEFT_NULL__
row-decimal-15-3,guard,0
row-decimal-15-3,sum,0.001
row-decimal-15-3,guard,5
row-decimal-15-3,sum,__WEFT_NULL__
row-decimal-15-4,guard,0
row-decimal-15-4,sum,0.0001
row-decimal-15-4,guard,5
row-decimal-15-4,sum,__WEFT_NULL__
row-decimal-15-5,guard,0
row-decimal-15-5,sum,0.00001
row-decimal-15-5,guard,5
row-decimal-15-5,sum,__WEFT_NULL__
row-decimal-15-6,guard,0
row-decimal-15-6,sum,0.000001
row-decimal-15-6,guard,5
row-decimal-15-6,sum,__WEFT_NULL__
row-decimal-15-7,guard,0
row-decimal-15-7,sum,0.0000001
row-decimal-15-7,guard,5
row-decimal-15-7,sum,__WEFT_NULL__
row-decimal-15-8,guard,0
row-decimal-15-8,sum,0.00000001
row-decimal-15-8,guard,5
row-decimal-15-8,sum,__WEFT_NULL__
row-decimal-15-9,guard,0
row-decimal-15-9,sum,0.000000001
row-decimal-15-9,guard,5
row-decimal-15-9,sum,__WEFT_NULL__
row-decimal-15-10,guard,0
row-decimal-15-10,sum,0.0000000001
row-decimal-15-10,guard,5
row-decimal-15-10,sum,__WEFT_NULL__
row-decimal-15-11,guard,0
row-decimal-15-11,sum,0.00000000001
row-decimal-15-11,guard,5
row-decimal-15-11,sum,__WEFT_NULL__
row-decimal-15-12,guard,0
row-decimal-15-12,sum,0.000000000001
row-decimal-15-12,guard,5
row-decimal-15-12,sum,__WEFT_NULL__
row-decimal-15-13,guard,0
row-decimal-15-13,sum,0.0000000000001
row-decimal-15-13,guard,5
row-decimal-15-13,sum,__WEFT_NULL__
row-decimal-15-14,guard,0
row-decimal-15-14,sum,0.00000000000001
row-decimal-15-14,guard,5
row-decimal-15-14,sum,__WEFT_NULL__
row-decimal-15-15,guard,0
row-decimal-15-15,sum,0.000000000000001
row-decimal-15-15,guard,5
row-decimal-15-15,sum,__WEFT_NULL__
row-decimal-16-0,guard,0
row-decimal-16-0,sum,1
row-decimal-16-0,guard,5
row-decimal-16-0,sum,__WEFT_NULL__
row-decimal-16-1,guard,0
row-decimal-16-1,sum,0.1
row-decimal-16-1,guard,5
row-decimal-16-1,sum,__WEFT_NULL__
row-decimal-16-2,guard,0
row-decimal-16-2,sum,0.01
row-decimal-16-2,guard,5
row-decimal-16-2,sum,__WEFT_NULL__
row-decimal-16-3,guard,0
row-decimal-16-3,sum,0.001
row-decimal-16-3,guard,5
row-decimal-16-3,sum,__WEFT_NULL__
row-decimal-16-4,guard,0
row-decimal-16-4,sum,0.0001
row-decimal-16-4,guard,5
row-decimal-16-4,sum,__WEFT_NULL__
row-decimal-16-5,guard,0
row-decimal-16-5,sum,0.00001
row-decimal-16-5,guard,5
row-decimal-16-5,sum,__WEFT_NULL__
row-decimal-16-6,guard,0
row-decimal-16-6,sum,0.000001
row-decimal-16-6,guard,5
row-decimal-16-6,sum,__WEFT_NULL__
row-decimal-16-7,guard,0
row-decimal-16-7,sum,0.0000001
row-decimal-16-7,guard,5
row-decimal-16-7,sum,__WEFT_NULL__
row-decimal-16-8,guard,0
row-decimal-16-8,sum,0.00000001
row-decimal-16-8,guard,5
row-decimal-16-8,sum,__WEFT_NULL__
row-decimal-16-9,guard,0
row-decimal-16-9,sum,0.000000001
row-decimal-16-9,guard,5
row-decimal-16-9,sum,__WEFT_NULL__
row-decimal-16-10,guard,0
row-decimal-16-10,sum,0.0000000001
row-decimal-16-10,guard,5
row-decimal-16-10,sum,__WEFT_NULL__
row-decimal-16-11,guard,0
row-decimal-16-11,sum,0.00000000001
row-decimal-16-11,guard,5
row-decimal-16-11,sum,__WEFT_NULL__
row-decimal-16-12,guard,0
row-decimal-16-12,sum,0.000000000001
row-decimal-16-12,guard,5
row-decimal-16-12,sum,__WEFT_NULL__
row-decimal-16-13,guard,0
row-decimal-16-13,sum,0.0000000000001
row-decimal-16-13,guard,5
row-decimal-16-13,sum,__WEFT_NULL__
row-decimal-16-14,guard,0
row-decimal-16-14,sum,0.00000000000001
row-decimal-16-14,guard,5
row-decimal-16-14,sum,__WEFT_NULL__
row-decimal-16-15,guard,0
row-decimal-16-15,sum,0.000000000000001
row-decimal-16-15,guard,5
row-decimal-16-15,sum,__WEFT_NULL__
row-decimal-16-16,guard,0
row-decimal-16-16,sum,0.0000000000000001
row-decimal-16-16,guard,5
row-decimal-16-16,sum,__WEFT_NULL__
row-decimal-17-0,guard,0
row-decimal-17-0,sum,1
row-decimal-17-0,guard,5
row-decimal-17-0,sum,__WEFT_NULL__
row-decimal-17-1,guard,0
row-decimal-17-1,sum,0.1
row-decimal-17-1,guard,5
row-decimal-17-1,sum,__WEFT_NULL__
row-decimal-17-2,guard,0
row-decimal-17-2,sum,0.01
row-decimal-17-2,guard,5
row-decimal-17-2,sum,__WEFT_NULL__
row-decimal-17-3,guard,0
row-decimal-17-3,sum,0.001
row-decimal-17-3,guard,5
row-decimal-17-3,sum,__WEFT_NULL__
row-decimal-17-4,guard,0
row-decimal-17-4,sum,0.0001
row-decimal-17-4,guard,5
row-decimal-17-4,sum,__WEFT_NULL__
row-decimal-17-5,guard,0
row-decimal-17-5,sum,0.00001
row-decimal-17-5,guard,5
row-decimal-17-5,sum,__WEFT_NULL__
row-decimal-17-6,guard,0
row-decimal-17-6,sum,0.000001
row-decimal-17-6,guard,5
row-decimal-17-6,sum,__WEFT_NULL__
row-decimal-17-7,guard,0
row-decimal-17-7,sum,0.0000001
row-decimal-17-7,guard,5
row-decimal-17-7,sum,__WEFT_NULL__
row-decimal-17-8,guard,0
row-decimal-17-8,sum,0.00000001
row-decimal-17-8,guard,5
row-decimal-17-8,sum,__WEFT_NULL__
row-decimal-17-9,guard,0
row-decimal-17-9,sum,0.000000001
row-decimal-17-9,guard,5
row-decimal-17-9,sum,__WEFT_NULL__
row-decimal-17-10,guard,0
row-decimal-17-10,sum,0.0000000001
row-decimal-17-10,guard,5
row-decimal-17-10,sum,__WEFT_NULL__
row-decimal-17-11,guard,0
row-decimal-17-11,sum,0.00000000001
row-decimal-17-11,guard,5
row-decimal-17-11,sum,__WEFT_NULL__
row-decimal-17-12,guard,0
row-decimal-17-12,sum,0.000000000001
row-decimal-17-12,guard,5
row-decimal-17-12,sum,__WEFT_NULL__
row-decimal-17-13,guard,0
row-decimal-17-13,sum,0.0000000000001
row-decimal-17-13,guard,5
row-decimal-17-13,sum,__WEFT_NULL__
row-decimal-17-14,guard,0
row-decimal-17-14,sum,0.00000000000001
row-decimal-17-14,guard,5
row-decimal-17-14,sum,__WEFT_NULL__
row-decimal-17-15,guard,0
row-decimal-17-15,sum,0.000000000000001
row-decimal-17-15,guard,5
row-decimal-17-15,sum,__WEFT_NULL__
row-decimal-17-16,guard,0
row-decimal-17-16,sum,0.0000000000000001
row-decimal-17-16,guard,5
row-decimal-17-16,sum,__WEFT_NULL__
row-decimal-17-17,guard,0
row-decimal-17-17,sum,0.00000000000000001
row-decimal-17-17,guard,5
row-decimal-17-17,sum,__WEFT_NULL__
row-decimal-18-0,guard,0
row-decimal-18-0,sum,1
row-decimal-18-0,guard,5
row-decimal-18-0,sum,__WEFT_NULL__
row-decimal-18-1,guard,0
row-decimal-18-1,sum,0.1
row-decimal-18-1,guard,5
row-decimal-18-1,sum,__WEFT_NULL__
row-decimal-18-2,guard,0
row-decimal-18-2,sum,0.01
row-decimal-18-2,guard,5
row-decimal-18-2,sum,__WEFT_NULL__
row-decimal-18-3,guard,0
row-decimal-18-3,sum,0.001
row-decimal-18-3,guard,5
row-decimal-18-3,sum,__WEFT_NULL__
row-decimal-18-4,guard,0
row-decimal-18-4,sum,0.0001
row-decimal-18-4,guard,5
row-decimal-18-4,sum,__WEFT_NULL__
row-decimal-18-5,guard,0
row-decimal-18-5,sum,0.00001
row-decimal-18-5,guard,5
row-decimal-18-5,sum,__WEFT_NULL__
row-decimal-18-6,guard,0
row-decimal-18-6,sum,0.000001
row-decimal-18-6,guard,5
row-decimal-18-6,sum,__WEFT_NULL__
row-decimal-18-7,guard,0
row-decimal-18-7,sum,0.0000001
row-decimal-18-7,guard,5
row-decimal-18-7,sum,__WEFT_NULL__
row-decimal-18-8,guard,0
row-decimal-18-8,sum,0.00000001
row-decimal-18-8,guard,5
row-decimal-18-8,sum,__WEFT_NULL__
row-decimal-18-9,guard,0
row-decimal-18-9,sum,0.000000001
row-decimal-18-9,guard,5
row-decimal-18-9,sum,__WEFT_NULL__
row-decimal-18-10,guard,0
row-decimal-18-10,sum,0.0000000001
row-decimal-18-10,guard,5
row-decimal-18-10,sum,__WEFT_NULL__
row-decimal-18-11,guard,0
row-decimal-18-11,sum,0.00000000001
row-decimal-18-11,guard,5
row-decimal-18-11,sum,__WEFT_NULL__
row-decimal-18-12,guard,0
row-decimal-18-12,sum,0.000000000001
row-decimal-18-12,guard,5
row-decimal-18-12,sum,__WEFT_NULL__
row-decimal-18-13,guard,0
row-decimal-18-13,sum,0.0000000000001
row-decimal-18-13,guard,5
row-decimal-18-13,sum,__WEFT_NULL__
row-decimal-18-14,guard,0
row-decimal-18-14,sum,0.00000000000001
row-decimal-18-14,guard,5
row-decimal-18-14,sum,__WEFT_NULL__
row-decimal-18-15,guard,0
row-decimal-18-15,sum,0.000000000000001
row-decimal-18-15,guard,5
row-decimal-18-15,sum,__WEFT_NULL__
row-decimal-18-16,guard,0
row-decimal-18-16,sum,0.0000000000000001
row-decimal-18-16,guard,5
row-decimal-18-16,sum,__WEFT_NULL__
row-decimal-18-17,guard,0
row-decimal-18-17,sum,0.00000000000000001
row-decimal-18-17,guard,5
row-decimal-18-17,sum,__WEFT_NULL__
row-decimal-18-18,guard,0
row-decimal-18-18,sum,0.000000000000000001
row-decimal-18-18,guard,5
row-decimal-18-18,sum,__WEFT_NULL__
row-decimal-19-0,guard,0
row-decimal-19-0,sum,1
row-decimal-19-0,guard,5
row-decimal-19-0,sum,__WEFT_NULL__
row-decimal-19-1,guard,0
row-decimal-19-1,sum,0.1
row-decimal-19-1,guard,5
row-decimal-19-1,sum,__WEFT_NULL__
row-decimal-19-2,guard,0
row-decimal-19-2,sum,0.01
row-decimal-19-2,guard,5
row-decimal-19-2,sum,__WEFT_NULL__
row-decimal-19-3,guard,0
row-decimal-19-3,sum,0.001
row-decimal-19-3,guard,5
row-decimal-19-3,sum,__WEFT_NULL__
row-decimal-19-4,guard,0
row-decimal-19-4,sum,0.0001
row-decimal-19-4,guard,5
row-decimal-19-4,sum,__WEFT_NULL__
row-decimal-19-5,guard,0
row-decimal-19-5,sum,0.00001
row-decimal-19-5,guard,5
row-decimal-19-5,sum,__WEFT_NULL__
row-decimal-19-6,guard,0
row-decimal-19-6,sum,0.000001
row-decimal-19-6,guard,5
row-decimal-19-6,sum,__WEFT_NULL__
row-decimal-19-7,guard,0
row-decimal-19-7,sum,0.0000001
row-decimal-19-7,guard,5
row-decimal-19-7,sum,__WEFT_NULL__
row-decimal-19-8,guard,0
row-decimal-19-8,sum,0.00000001
row-decimal-19-8,guard,5
row-decimal-19-8,sum,__WEFT_NULL__
row-decimal-19-9,guard,0
row-decimal-19-9,sum,0.000000001
row-decimal-19-9,guard,5
row-decimal-19-9,sum,__WEFT_NULL__
row-decimal-19-10,guard,0
row-decimal-19-10,sum,0.0000000001
row-decimal-19-10,guard,5
row-decimal-19-10,sum,__WEFT_NULL__
row-decimal-19-11,guard,0
row-decimal-19-11,sum,0.00000000001
row-decimal-19-11,guard,5
row-decimal-19-11,sum,__WEFT_NULL__
row-decimal-19-12,guard,0
row-decimal-19-12,sum,0.000000000001
row-decimal-19-12,guard,5
row-decimal-19-12,sum,__WEFT_NULL__
row-decimal-19-13,guard,0
row-decimal-19-13,sum,0.0000000000001
row-decimal-19-13,guard,5
row-decimal-19-13,sum,__WEFT_NULL__
row-decimal-19-14,guard,0
row-decimal-19-14,sum,0.00000000000001
row-decimal-19-14,guard,5
row-decimal-19-14,sum,__WEFT_NULL__
row-decimal-19-15,guard,0
row-decimal-19-15,sum,0.000000000000001
row-decimal-19-15,guard,5
row-decimal-19-15,sum,__WEFT_NULL__
row-decimal-19-16,guard,0
row-decimal-19-16,sum,0.0000000000000001
row-decimal-19-16,guard,5
row-decimal-19-16,sum,__WEFT_NULL__
row-decimal-19-17,guard,0
row-decimal-19-17,sum,0.00000000000000001
row-decimal-19-17,guard,5
row-decimal-19-17,sum,__WEFT_NULL__
row-decimal-19-18,guard,0
row-decimal-19-18,sum,0.000000000000000001
row-decimal-19-18,guard,5
row-decimal-19-18,sum,__WEFT_NULL__
row-decimal-19-19,guard,0
row-decimal-19-19,sum,0.0000000000000000001
row-decimal-19-19,guard,5
row-decimal-19-19,sum,__WEFT_NULL__
row-decimal-20-0,guard,0
row-decimal-20-0,sum,1
row-decimal-20-0,guard,5
row-decimal-20-0,sum,__WEFT_NULL__
row-decimal-20-1,guard,0
row-decimal-20-1,sum,0.1
row-decimal-20-1,guard,5
row-decimal-20-1,sum,__WEFT_NULL__
row-decimal-20-2,guard,0
row-decimal-20-2,sum,0.01
row-decimal-20-2,guard,5
row-decimal-20-2,sum,__WEFT_NULL__
row-decimal-20-3,guard,0
row-decimal-20-3,sum,0.001
row-decimal-20-3,guard,5
row-decimal-20-3,sum,__WEFT_NULL__
row-decimal-20-4,guard,0
row-decimal-20-4,sum,0.0001
row-decimal-20-4,guard,5
row-decimal-20-4,sum,__WEFT_NULL__
row-decimal-20-5,guard,0
row-decimal-20-5,sum,0.00001
row-decimal-20-5,guard,5
row-decimal-20-5,sum,__WEFT_NULL__
row-decimal-20-6,guard,0
row-decimal-20-6,sum,0.000001
row-decimal-20-6,guard,5
row-decimal-20-6,sum,__WEFT_NULL__
row-decimal-20-7,guard,0
row-decimal-20-7,sum,0.0000001
row-decimal-20-7,guard,5
row-decimal-20-7,sum,__WEFT_NULL__
row-decimal-20-8,guard,0
row-decimal-20-8,sum,0.00000001
row-decimal-20-8,guard,5
row-decimal-20-8,sum,__WEFT_NULL__
row-decimal-20-9,guard,0
row-decimal-20-9,sum,0.000000001
row-decimal-20-9,guard,5
row-decimal-20-9,sum,__WEFT_NULL__
row-decimal-20-10,guard,0
row-decimal-20-10,sum,0.0000000001
row-decimal-20-10,guard,5
row-decimal-20-10,sum,__WEFT_NULL__
row-decimal-20-11,guard,0
row-decimal-20-11,sum,0.00000000001
row-decimal-20-11,guard,5
row-decimal-20-11,sum,__WEFT_NULL__
row-decimal-20-12,guard,0
row-decimal-20-12,sum,0.000000000001
row-decimal-20-12,guard,5
row-decimal-20-12,sum,__WEFT_NULL__
row-decimal-20-13,guard,0
row-decimal-20-13,sum,0.0000000000001
row-decimal-20-13,guard,5
row-decimal-20-13,sum,__WEFT_NULL__
row-decimal-20-14,guard,0
row-decimal-20-14,sum,0.00000000000001
row-decimal-20-14,guard,5
row-decimal-20-14,sum,__WEFT_NULL__
row-decimal-20-15,guard,0
row-decimal-20-15,sum,0.000000000000001
row-decimal-20-15,guard,5
row-decimal-20-15,sum,__WEFT_NULL__
row-decimal-20-16,guard,0
row-decimal-20-16,sum,0.0000000000000001
row-decimal-20-16,guard,5
row-decimal-20-16,sum,__WEFT_NULL__
row-decimal-20-17,guard,0
row-decimal-20-17,sum,0.00000000000000001
row-decimal-20-17,guard,5
row-decimal-20-17,sum,__WEFT_NULL__
row-decimal-20-18,guard,0
row-decimal-20-18,sum,0.000000000000000001
row-decimal-20-18,guard,5
row-decimal-20-18,sum,__WEFT_NULL__
row-decimal-20-19,guard,0
row-decimal-20-19,sum,0.0000000000000000001
row-decimal-20-19,guard,5
row-decimal-20-19,sum,__WEFT_NULL__
row-decimal-20-20,guard,0
row-decimal-20-20,sum,0.00000000000000000001
row-decimal-20-20,guard,5
row-decimal-20-20,sum,__WEFT_NULL__
row-decimal-21-0,guard,0
row-decimal-21-0,sum,1
row-decimal-21-0,guard,5
row-decimal-21-0,sum,__WEFT_NULL__
row-decimal-21-1,guard,0
row-decimal-21-1,sum,0.1
row-decimal-21-1,guard,5
row-decimal-21-1,sum,__WEFT_NULL__
row-decimal-21-2,guard,0
row-decimal-21-2,sum,0.01
row-decimal-21-2,guard,5
row-decimal-21-2,sum,__WEFT_NULL__
row-decimal-21-3,guard,0
row-decimal-21-3,sum,0.001
row-decimal-21-3,guard,5
row-decimal-21-3,sum,__WEFT_NULL__
row-decimal-21-4,guard,0
row-decimal-21-4,sum,0.0001
row-decimal-21-4,guard,5
row-decimal-21-4,sum,__WEFT_NULL__
row-decimal-21-5,guard,0
row-decimal-21-5,sum,0.00001
row-decimal-21-5,guard,5
row-decimal-21-5,sum,__WEFT_NULL__
row-decimal-21-6,guard,0
row-decimal-21-6,sum,0.000001
row-decimal-21-6,guard,5
row-decimal-21-6,sum,__WEFT_NULL__
row-decimal-21-7,guard,0
row-decimal-21-7,sum,0.0000001
row-decimal-21-7,guard,5
row-decimal-21-7,sum,__WEFT_NULL__
row-decimal-21-8,guard,0
row-decimal-21-8,sum,0.00000001
row-decimal-21-8,guard,5
row-decimal-21-8,sum,__WEFT_NULL__
row-decimal-21-9,guard,0
row-decimal-21-9,sum,0.000000001
row-decimal-21-9,guard,5
row-decimal-21-9,sum,__WEFT_NULL__
row-decimal-21-10,guard,0
row-decimal-21-10,sum,0.0000000001
row-decimal-21-10,guard,5
row-decimal-21-10,sum,__WEFT_NULL__
row-decimal-21-11,guard,0
row-decimal-21-11,sum,0.00000000001
row-decimal-21-11,guard,5
row-decimal-21-11,sum,__WEFT_NULL__
row-decimal-21-12,guard,0
row-decimal-21-12,sum,0.000000000001
row-decimal-21-12,guard,5
row-decimal-21-12,sum,__WEFT_NULL__
row-decimal-21-13,guard,0
row-decimal-21-13,sum,0.0000000000001
row-decimal-21-13,guard,5
row-decimal-21-13,sum,__WEFT_NULL__
row-decimal-21-14,guard,0
row-decimal-21-14,sum,0.00000000000001
row-decimal-21-14,guard,5
row-decimal-21-14,sum,__WEFT_NULL__
row-decimal-21-15,guard,0
row-decimal-21-15,sum,0.000000000000001
row-decimal-21-15,guard,5
row-decimal-21-15,sum,__WEFT_NULL__
row-decimal-21-16,guard,0
row-decimal-21-16,sum,0.0000000000000001
row-decimal-21-16,guard,5
row-decimal-21-16,sum,__WEFT_NULL__
row-decimal-21-17,guard,0
row-decimal-21-17,sum,0.00000000000000001
row-decimal-21-17,guard,5
row-decimal-21-17,sum,__WEFT_NULL__
row-decimal-21-18,guard,0
row-decimal-21-18,sum,0.000000000000000001
row-decimal-21-18,guard,5
row-decimal-21-18,sum,__WEFT_NULL__
row-decimal-21-19,guard,0
row-decimal-21-19,sum,0.0000000000000000001
row-decimal-21-19,guard,5
row-decimal-21-19,sum,__WEFT_NULL__
row-decimal-21-20,guard,0
row-decimal-21-20,sum,0.00000000000000000001
row-decimal-21-20,guard,5
row-decimal-21-20,sum,__WEFT_NULL__
row-decimal-21-21,guard,0
row-decimal-21-21,sum,0.000000000000000000001
row-decimal-21-21,guard,5
row-decimal-21-21,sum,__WEFT_NULL__
row-decimal-22-0,guard,0
row-decimal-22-0,sum,1
row-decimal-22-0,guard,5
row-decimal-22-0,sum,__WEFT_NULL__
row-decimal-22-1,guard,0
row-decimal-22-1,sum,0.1
row-decimal-22-1,guard,5
row-decimal-22-1,sum,__WEFT_NULL__
row-decimal-22-2,guard,0
row-decimal-22-2,sum,0.01
row-decimal-22-2,guard,5
row-decimal-22-2,sum,__WEFT_NULL__
row-decimal-22-3,guard,0
row-decimal-22-3,sum,0.001
row-decimal-22-3,guard,5
row-decimal-22-3,sum,__WEFT_NULL__
row-decimal-22-4,guard,0
row-decimal-22-4,sum,0.0001
row-decimal-22-4,guard,5
row-decimal-22-4,sum,__WEFT_NULL__
row-decimal-22-5,guard,0
row-decimal-22-5,sum,0.00001
row-decimal-22-5,guard,5
row-decimal-22-5,sum,__WEFT_NULL__
row-decimal-22-6,guard,0
row-decimal-22-6,sum,0.000001
row-decimal-22-6,guard,5
row-decimal-22-6,sum,__WEFT_NULL__
row-decimal-22-7,guard,0
row-decimal-22-7,sum,0.0000001
row-decimal-22-7,guard,5
row-decimal-22-7,sum,__WEFT_NULL__
row-decimal-22-8,guard,0
row-decimal-22-8,sum,0.00000001
row-decimal-22-8,guard,5
row-decimal-22-8,sum,__WEFT_NULL__
row-decimal-22-9,guard,0
row-decimal-22-9,sum,0.000000001
row-decimal-22-9,guard,5
row-decimal-22-9,sum,__WEFT_NULL__
row-decimal-22-10,guard,0
row-decimal-22-10,sum,0.0000000001
row-decimal-22-10,guard,5
row-decimal-22-10,sum,__WEFT_NULL__
row-decimal-22-11,guard,0
row-decimal-22-11,sum,0.00000000001
row-decimal-22-11,guard,5
row-decimal-22-11,sum,__WEFT_NULL__
row-decimal-22-12,guard,0
row-decimal-22-12,sum,0.000000000001
row-decimal-22-12,guard,5
row-decimal-22-12,sum,__WEFT_NULL__
row-decimal-22-13,guard,0
row-decimal-22-13,sum,0.0000000000001
row-decimal-22-13,guard,5
row-decimal-22-13,sum,__WEFT_NULL__
row-decimal-22-14,guard,0
row-decimal-22-14,sum,0.00000000000001
row-decimal-22-14,guard,5
row-decimal-22-14,sum,__WEFT_NULL__
row-decimal-22-15,guard,0
row-decimal-22-15,sum,0.000000000000001
row-decimal-22-15,guard,5
row-decimal-22-15,sum,__WEFT_NULL__
row-decimal-22-16,guard,0
row-decimal-22-16,sum,0.0000000000000001
row-decimal-22-16,guard,5
row-decimal-22-16,sum,__WEFT_NULL__
row-decimal-22-17,guard,0
row-decimal-22-17,sum,0.00000000000000001
row-decimal-22-17,guard,5
row-decimal-22-17,sum,__WEFT_NULL__
row-decimal-22-18,guard,0
row-decimal-22-18,sum,0.000000000000000001
row-decimal-22-18,guard,5
row-decimal-22-18,sum,__WEFT_NULL__
row-decimal-22-19,guard,0
row-decimal-22-19,sum,0.0000000000000000001
row-decimal-22-19,guard,5
row-decimal-22-19,sum,__WEFT_NULL__
row-decimal-22-20,guard,0
row-decimal-22-20,sum,0.00000000000000000001
row-decimal-22-20,guard,5
row-decimal-22-20,sum,__WEFT_NULL__
row-decimal-22-21,guard,0
row-decimal-22-21,sum,0.000000000000000000001
row-decimal-22-21,guard,5
row-decimal-22-21,sum,__WEFT_NULL__
row-decimal-22-22,guard,0
row-decimal-22-22,sum,0.0000000000000000000001
row-decimal-22-22,guard,5
row-decimal-22-22,sum,__WEFT_NULL__
row-decimal-23-0,guard,0
row-decimal-23-0,sum,1
row-decimal-23-0,guard,5
row-decimal-23-0,sum,__WEFT_NULL__
row-decimal-23-1,guard,0
row-decimal-23-1,sum,0.1
row-decimal-23-1,guard,5
row-decimal-23-1,sum,__WEFT_NULL__
row-decimal-23-2,guard,0
row-decimal-23-2,sum,0.01
row-decimal-23-2,guard,5
row-decimal-23-2,sum,__WEFT_NULL__
row-decimal-23-3,guard,0
row-decimal-23-3,sum,0.001
row-decimal-23-3,guard,5
row-decimal-23-3,sum,__WEFT_NULL__
row-decimal-23-4,guard,0
row-decimal-23-4,sum,0.0001
row-decimal-23-4,guard,5
row-decimal-23-4,sum,__WEFT_NULL__
row-decimal-23-5,guard,0
row-decimal-23-5,sum,0.00001
row-decimal-23-5,guard,5
row-decimal-23-5,sum,__WEFT_NULL__
row-decimal-23-6,guard,0
row-decimal-23-6,sum,0.000001
row-decimal-23-6,guard,5
row-decimal-23-6,sum,__WEFT_NULL__
row-decimal-23-7,guard,0
row-decimal-23-7,sum,0.0000001
row-decimal-23-7,guard,5
row-decimal-23-7,sum,__WEFT_NULL__
row-decimal-23-8,guard,0
row-decimal-23-8,sum,0.00000001
row-decimal-23-8,guard,5
row-decimal-23-8,sum,__WEFT_NULL__
row-decimal-23-9,guard,0
row-decimal-23-9,sum,0.000000001
row-decimal-23-9,guard,5
row-decimal-23-9,sum,__WEFT_NULL__
row-decimal-23-10,guard,0
row-decimal-23-10,sum,0.0000000001
row-decimal-23-10,guard,5
row-decimal-23-10,sum,__WEFT_NULL__
row-decimal-23-11,guard,0
row-decimal-23-11,sum,0.00000000001
row-decimal-23-11,guard,5
row-decimal-23-11,sum,__WEFT_NULL__
row-decimal-23-12,guard,0
row-decimal-23-12,sum,0.000000000001
row-decimal-23-12,guard,5
row-decimal-23-12,sum,__WEFT_NULL__
row-decimal-23-13,guard,0
row-decimal-23-13,sum,0.0000000000001
row-decimal-23-13,guard,5
row-decimal-23-13,sum,__WEFT_NULL__
row-decimal-23-14,guard,0
row-decimal-23-14,sum,0.00000000000001
row-decimal-23-14,guard,5
row-decimal-23-14,sum,__WEFT_NULL__
row-decimal-23-15,guard,0
row-decimal-23-15,sum,0.000000000000001
row-decimal-23-15,guard,5
row-decimal-23-15,sum,__WEFT_NULL__
row-decimal-23-16,guard,0
row-decimal-23-16,sum,0.0000000000000001
row-decimal-23-16,guard,5
row-decimal-23-16,sum,__WEFT_NULL__
row-decimal-23-17,guard,0
row-decimal-23-17,sum,0.00000000000000001
row-decimal-23-17,guard,5
row-decimal-23-17,sum,__WEFT_NULL__
row-decimal-23-18,guard,0
row-decimal-23-18,sum,0.000000000000000001
row-decimal-23-18,guard,5
row-decimal-23-18,sum,__WEFT_NULL__
row-decimal-23-19,guard,0
row-decimal-23-19,sum,0.0000000000000000001
row-decimal-23-19,guard,5
row-decimal-23-19,sum,__WEFT_NULL__
row-decimal-23-20,guard,0
row-decimal-23-20,sum,0.00000000000000000001
row-decimal-23-20,guard,5
row-decimal-23-20,sum,__WEFT_NULL__
row-decimal-23-21,guard,0
row-decimal-23-21,sum,0.000000000000000000001
row-decimal-23-21,guard,5
row-decimal-23-21,sum,__WEFT_NULL__
row-decimal-23-22,guard,0
row-decimal-23-22,sum,0.0000000000000000000001
row-decimal-23-22,guard,5
row-decimal-23-22,sum,__WEFT_NULL__
row-decimal-23-23,guard,0
row-decimal-23-23,sum,0.00000000000000000000001
row-decimal-23-23,guard,5
row-decimal-23-23,sum,__WEFT_NULL__
row-decimal-24-0,guard,0
row-decimal-24-0,sum,1
row-decimal-24-0,guard,5
row-decimal-24-0,sum,__WEFT_NULL__
row-decimal-24-1,guard,0
row-decimal-24-1,sum,0.1
row-decimal-24-1,guard,5
row-decimal-24-1,sum,__WEFT_NULL__
row-decimal-24-2,guard,0
row-decimal-24-2,sum,0.01
row-decimal-24-2,guard,5
row-decimal-24-2,sum,__WEFT_NULL__
row-decimal-24-3,guard,0
row-decimal-24-3,sum,0.001
row-decimal-24-3,guard,5
row-decimal-24-3,sum,__WEFT_NULL__
row-decimal-24-4,guard,0
row-decimal-24-4,sum,0.0001
row-decimal-24-4,guard,5
row-decimal-24-4,sum,__WEFT_NULL__
row-decimal-24-5,guard,0
row-decimal-24-5,sum,0.00001
row-decimal-24-5,guard,5
row-decimal-24-5,sum,__WEFT_NULL__
row-decimal-24-6,guard,0
row-decimal-24-6,sum,0.000001
row-decimal-24-6,guard,5
row-decimal-24-6,sum,__WEFT_NULL__
row-decimal-24-7,guard,0
row-decimal-24-7,sum,0.0000001
row-decimal-24-7,guard,5
row-decimal-24-7,sum,__WEFT_NULL__
row-decimal-24-8,guard,0
row-decimal-24-8,sum,0.00000001
row-decimal-24-8,guard,5
row-decimal-24-8,sum,__WEFT_NULL__
row-decimal-24-9,guard,0
row-decimal-24-9,sum,0.000000001
row-decimal-24-9,guard,5
row-decimal-24-9,sum,__WEFT_NULL__
row-decimal-24-10,guard,0
row-decimal-24-10,sum,0.0000000001
row-decimal-24-10,guard,5
row-decimal-24-10,sum,__WEFT_NULL__
row-decimal-24-11,guard,0
row-decimal-24-11,sum,0.00000000001
row-decimal-24-11,guard,5
row-decimal-24-11,sum,__WEFT_NULL__
row-decimal-24-12,guard,0
row-decimal-24-12,sum,0.000000000001
row-decimal-24-12,guard,5
row-decimal-24-12,sum,__WEFT_NULL__
row-decimal-24-13,guard,0
row-decimal-24-13,sum,0.0000000000001
row-decimal-24-13,guard,5
row-decimal-24-13,sum,__WEFT_NULL__
row-decimal-24-14,guard,0
row-decimal-24-14,sum,0.00000000000001
row-decimal-24-14,guard,5
row-decimal-24-14,sum,__WEFT_NULL__
row-decimal-24-15,guard,0
row-decimal-24-15,sum,0.000000000000001
row-decimal-24-15,guard,5
row-decimal-24-15,sum,__WEFT_NULL__
row-decimal-24-16,guard,0
row-decimal-24-16,sum,0.0000000000000001
row-decimal-24-16,guard,5
row-decimal-24-16,sum,__WEFT_NULL__
row-decimal-24-17,guard,0
row-decimal-24-17,sum,0.00000000000000001
row-decimal-24-17,guard,5
row-decimal-24-17,sum,__WEFT_NULL__
row-decimal-24-18,guard,0
row-decimal-24-18,sum,0.000000000000000001
row-decimal-24-18,guard,5
row-decimal-24-18,sum,__WEFT_NULL__
row-decimal-24-19,guard,0
row-decimal-24-19,sum,0.0000000000000000001
row-decimal-24-19,guard,5
row-decimal-24-19,sum,__WEFT_NULL__
row-decimal-24-20,guard,0
row-decimal-24-20,sum,0.00000000000000000001
row-decimal-24-20,guard,5
row-decimal-24-20,sum,__WEFT_NULL__
row-decimal-24-21,guard,0
row-decimal-24-21,sum,0.000000000000000000001
row-decimal-24-21,guard,5
row-decimal-24-21,sum,__WEFT_NULL__
row-decimal-24-22,guard,0
row-decimal-24-22,sum,0.0000000000000000000001
row-decimal-24-22,guard,5
row-decimal-24-22,sum,__WEFT_NULL__
row-decimal-24-23,guard,0
row-decimal-24-23,sum,0.00000000000000000000001
row-decimal-24-23,guard,5
row-decimal-24-23,sum,__WEFT_NULL__
row-decimal-24-24,guard,0
row-decimal-24-24,sum,0.000000000000000000000001
row-decimal-24-24,guard,5
row-decimal-24-24,sum,__WEFT_NULL__
row-decimal-25-0,guard,0
row-decimal-25-0,sum,1
row-decimal-25-0,guard,5
row-decimal-25-0,sum,__WEFT_NULL__
row-decimal-25-1,guard,0
row-decimal-25-1,sum,0.1
row-decimal-25-1,guard,5
row-decimal-25-1,sum,__WEFT_NULL__
row-decimal-25-2,guard,0
row-decimal-25-2,sum,0.01
row-decimal-25-2,guard,5
row-decimal-25-2,sum,__WEFT_NULL__
row-decimal-25-3,guard,0
row-decimal-25-3,sum,0.001
row-decimal-25-3,guard,5
row-decimal-25-3,sum,__WEFT_NULL__
row-decimal-25-4,guard,0
row-decimal-25-4,sum,0.0001
row-decimal-25-4,guard,5
row-decimal-25-4,sum,__WEFT_NULL__
row-decimal-25-5,guard,0
row-decimal-25-5,sum,0.00001
row-decimal-25-5,guard,5
row-decimal-25-5,sum,__WEFT_NULL__
row-decimal-25-6,guard,0
row-decimal-25-6,sum,0.000001
row-decimal-25-6,guard,5
row-decimal-25-6,sum,__WEFT_NULL__
row-decimal-25-7,guard,0
row-decimal-25-7,sum,0.0000001
row-decimal-25-7,guard,5
row-decimal-25-7,sum,__WEFT_NULL__
row-decimal-25-8,guard,0
row-decimal-25-8,sum,0.00000001
row-decimal-25-8,guard,5
row-decimal-25-8,sum,__WEFT_NULL__
row-decimal-25-9,guard,0
row-decimal-25-9,sum,0.000000001
row-decimal-25-9,guard,5
row-decimal-25-9,sum,__WEFT_NULL__
row-decimal-25-10,guard,0
row-decimal-25-10,sum,0.0000000001
row-decimal-25-10,guard,5
row-decimal-25-10,sum,__WEFT_NULL__
row-decimal-25-11,guard,0
row-decimal-25-11,sum,0.00000000001
row-decimal-25-11,guard,5
row-decimal-25-11,sum,__WEFT_NULL__
row-decimal-25-12,guard,0
row-decimal-25-12,sum,0.000000000001
row-decimal-25-12,guard,5
row-decimal-25-12,sum,__WEFT_NULL__
row-decimal-25-13,guard,0
row-decimal-25-13,sum,0.0000000000001
row-decimal-25-13,guard,5
row-decimal-25-13,sum,__WEFT_NULL__
row-decimal-25-14,guard,0
row-decimal-25-14,sum,0.00000000000001
row-decimal-25-14,guard,5
row-decimal-25-14,sum,__WEFT_NULL__
row-decimal-25-15,guard,0
row-decimal-25-15,sum,0.000000000000001
row-decimal-25-15,guard,5
row-decimal-25-15,sum,__WEFT_NULL__
row-decimal-25-16,guard,0
row-decimal-25-16,sum,0.0000000000000001
row-decimal-25-16,guard,5
row-decimal-25-16,sum,__WEFT_NULL__
row-decimal-25-17,guard,0
row-decimal-25-17,sum,0.00000000000000001
row-decimal-25-17,guard,5
row-decimal-25-17,sum,__WEFT_NULL__
row-decimal-25-18,guard,0
row-decimal-25-18,sum,0.000000000000000001
row-decimal-25-18,guard,5
row-decimal-25-18,sum,__WEFT_NULL__
row-decimal-25-19,guard,0
row-decimal-25-19,sum,0.0000000000000000001
row-decimal-25-19,guard,5
row-decimal-25-19,sum,__WEFT_NULL__
row-decimal-25-20,guard,0
row-decimal-25-20,sum,0.00000000000000000001
row-decimal-25-20,guard,5
row-decimal-25-20,sum,__WEFT_NULL__
row-decimal-25-21,guard,0
row-decimal-25-21,sum,0.000000000000000000001
row-decimal-25-21,guard,5
row-decimal-25-21,sum,__WEFT_NULL__
row-decimal-25-22,guard,0
row-decimal-25-22,sum,0.0000000000000000000001
row-decimal-25-22,guard,5
row-decimal-25-22,sum,__WEFT_NULL__
row-decimal-25-23,guard,0
row-decimal-25-23,sum,0.00000000000000000000001
row-decimal-25-23,guard,5
row-decimal-25-23,sum,__WEFT_NULL__
row-decimal-25-24,guard,0
row-decimal-25-24,sum,0.000000000000000000000001
row-decimal-25-24,guard,5
row-decimal-25-24,sum,__WEFT_NULL__
row-decimal-25-25,guard,0
row-decimal-25-25,sum,0.0000000000000000000000001
row-decimal-25-25,guard,5
row-decimal-25-25,sum,__WEFT_NULL__
row-decimal-26-0,guard,0
row-decimal-26-0,sum,1
row-decimal-26-0,guard,5
row-decimal-26-0,sum,__WEFT_NULL__
row-decimal-26-1,guard,0
row-decimal-26-1,sum,0.1
row-decimal-26-1,guard,5
row-decimal-26-1,sum,__WEFT_NULL__
row-decimal-26-2,guard,0
row-decimal-26-2,sum,0.01
row-decimal-26-2,guard,5
row-decimal-26-2,sum,__WEFT_NULL__
row-decimal-26-3,guard,0
row-decimal-26-3,sum,0.001
row-decimal-26-3,guard,5
row-decimal-26-3,sum,__WEFT_NULL__
row-decimal-26-4,guard,0
row-decimal-26-4,sum,0.0001
row-decimal-26-4,guard,5
row-decimal-26-4,sum,__WEFT_NULL__
row-decimal-26-5,guard,0
row-decimal-26-5,sum,0.00001
row-decimal-26-5,guard,5
row-decimal-26-5,sum,__WEFT_NULL__
row-decimal-26-6,guard,0
row-decimal-26-6,sum,0.000001
row-decimal-26-6,guard,5
row-decimal-26-6,sum,__WEFT_NULL__
row-decimal-26-7,guard,0
row-decimal-26-7,sum,0.0000001
row-decimal-26-7,guard,5
row-decimal-26-7,sum,__WEFT_NULL__
row-decimal-26-8,guard,0
row-decimal-26-8,sum,0.00000001
row-decimal-26-8,guard,5
row-decimal-26-8,sum,__WEFT_NULL__
row-decimal-26-9,guard,0
row-decimal-26-9,sum,0.000000001
row-decimal-26-9,guard,5
row-decimal-26-9,sum,__WEFT_NULL__
row-decimal-26-10,guard,0
row-decimal-26-10,sum,0.0000000001
row-decimal-26-10,guard,5
row-decimal-26-10,sum,__WEFT_NULL__
row-decimal-26-11,guard,0
row-decimal-26-11,sum,0.00000000001
row-decimal-26-11,guard,5
row-decimal-26-11,sum,__WEFT_NULL__
row-decimal-26-12,guard,0
row-decimal-26-12,sum,0.000000000001
row-decimal-26-12,guard,5
row-decimal-26-12,sum,__WEFT_NULL__
row-decimal-26-13,guard,0
row-decimal-26-13,sum,0.0000000000001
row-decimal-26-13,guard,5
row-decimal-26-13,sum,__WEFT_NULL__
row-decimal-26-14,guard,0
row-decimal-26-14,sum,0.00000000000001
row-decimal-26-14,guard,5
row-decimal-26-14,sum,__WEFT_NULL__
row-decimal-26-15,guard,0
row-decimal-26-15,sum,0.000000000000001
row-decimal-26-15,guard,5
row-decimal-26-15,sum,__WEFT_NULL__
row-decimal-26-16,guard,0
row-decimal-26-16,sum,0.0000000000000001
row-decimal-26-16,guard,5
row-decimal-26-16,sum,__WEFT_NULL__
row-decimal-26-17,guard,0
row-decimal-26-17,sum,0.00000000000000001
row-decimal-26-17,guard,5
row-decimal-26-17,sum,__WEFT_NULL__
row-decimal-26-18,guard,0
row-decimal-26-18,sum,0.000000000000000001
row-decimal-26-18,guard,5
row-decimal-26-18,sum,__WEFT_NULL__
row-decimal-26-19,guard,0
row-decimal-26-19,sum,0.0000000000000000001
row-decimal-26-19,guard,5
row-decimal-26-19,sum,__WEFT_NULL__
row-decimal-26-20,guard,0
row-decimal-26-20,sum,0.00000000000000000001
row-decimal-26-20,guard,5
row-decimal-26-20,sum,__WEFT_NULL__
row-decimal-26-21,guard,0
row-decimal-26-21,sum,0.000000000000000000001
row-decimal-26-21,guard,5
row-decimal-26-21,sum,__WEFT_NULL__
row-decimal-26-22,guard,0
row-decimal-26-22,sum,0.0000000000000000000001
row-decimal-26-22,guard,5
row-decimal-26-22,sum,__WEFT_NULL__
row-decimal-26-23,guard,0
row-decimal-26-23,sum,0.00000000000000000000001
row-decimal-26-23,guard,5
row-decimal-26-23,sum,__WEFT_NULL__
row-decimal-26-24,guard,0
row-decimal-26-24,sum,0.000000000000000000000001
row-decimal-26-24,guard,5
row-decimal-26-24,sum,__WEFT_NULL__
row-decimal-26-25,guard,0
row-decimal-26-25,sum,0.0000000000000000000000001
row-decimal-26-25,guard,5
row-decimal-26-25,sum,__WEFT_NULL__
row-decimal-26-26,guard,0
row-decimal-26-26,sum,0.00000000000000000000000001
row-decimal-26-26,guard,5
row-decimal-26-26,sum,__WEFT_NULL__
row-decimal-27-0,guard,0
row-decimal-27-0,sum,1
row-decimal-27-0,guard,5
row-decimal-27-0,sum,__WEFT_NULL__
row-decimal-27-1,guard,0
row-decimal-27-1,sum,0.1
row-decimal-27-1,guard,5
row-decimal-27-1,sum,__WEFT_NULL__
row-decimal-27-2,guard,0
row-decimal-27-2,sum,0.01
row-decimal-27-2,guard,5
row-decimal-27-2,sum,__WEFT_NULL__
row-decimal-27-3,guard,0
row-decimal-27-3,sum,0.001
row-decimal-27-3,guard,5
row-decimal-27-3,sum,__WEFT_NULL__
row-decimal-27-4,guard,0
row-decimal-27-4,sum,0.0001
row-decimal-27-4,guard,5
row-decimal-27-4,sum,__WEFT_NULL__
row-decimal-27-5,guard,0
row-decimal-27-5,sum,0.00001
row-decimal-27-5,guard,5
row-decimal-27-5,sum,__WEFT_NULL__
row-decimal-27-6,guard,0
row-decimal-27-6,sum,0.000001
row-decimal-27-6,guard,5
row-decimal-27-6,sum,__WEFT_NULL__
row-decimal-27-7,guard,0
row-decimal-27-7,sum,0.0000001
row-decimal-27-7,guard,5
row-decimal-27-7,sum,__WEFT_NULL__
row-decimal-27-8,guard,0
row-decimal-27-8,sum,0.00000001
row-decimal-27-8,guard,5
row-decimal-27-8,sum,__WEFT_NULL__
row-decimal-27-9,guard,0
row-decimal-27-9,sum,0.000000001
row-decimal-27-9,guard,5
row-decimal-27-9,sum,__WEFT_NULL__
row-decimal-27-10,guard,0
row-decimal-27-10,sum,0.0000000001
row-decimal-27-10,guard,5
row-decimal-27-10,sum,__WEFT_NULL__
row-decimal-27-11,guard,0
row-decimal-27-11,sum,0.00000000001
row-decimal-27-11,guard,5
row-decimal-27-11,sum,__WEFT_NULL__
row-decimal-27-12,guard,0
row-decimal-27-12,sum,0.000000000001
row-decimal-27-12,guard,5
row-decimal-27-12,sum,__WEFT_NULL__
row-decimal-27-13,guard,0
row-decimal-27-13,sum,0.0000000000001
row-decimal-27-13,guard,5
row-decimal-27-13,sum,__WEFT_NULL__
row-decimal-27-14,guard,0
row-decimal-27-14,sum,0.00000000000001
row-decimal-27-14,guard,5
row-decimal-27-14,sum,__WEFT_NULL__
row-decimal-27-15,guard,0
row-decimal-27-15,sum,0.000000000000001
row-decimal-27-15,guard,5
row-decimal-27-15,sum,__WEFT_NULL__
row-decimal-27-16,guard,0
row-decimal-27-16,sum,0.0000000000000001
row-decimal-27-16,guard,5
row-decimal-27-16,sum,__WEFT_NULL__
row-decimal-27-17,guard,0
row-decimal-27-17,sum,0.00000000000000001
row-decimal-27-17,guard,5
row-decimal-27-17,sum,__WEFT_NULL__
row-decimal-27-18,guard,0
row-decimal-27-18,sum,0.000000000000000001
row-decimal-27-18,guard,5
row-decimal-27-18,sum,__WEFT_NULL__
row-decimal-27-19,guard,0
row-decimal-27-19,sum,0.0000000000000000001
row-decimal-27-19,guard,5
row-decimal-27-19,sum,__WEFT_NULL__
row-decimal-27-20,guard,0
row-decimal-27-20,sum,0.00000000000000000001
row-decimal-27-20,guard,5
row-decimal-27-20,sum,__WEFT_NULL__
row-decimal-27-21,guard,0
row-decimal-27-21,sum,0.000000000000000000001
row-decimal-27-21,guard,5
row-decimal-27-21,sum,__WEFT_NULL__
row-decimal-27-22,guard,0
row-decimal-27-22,sum,0.0000000000000000000001
row-decimal-27-22,guard,5
row-decimal-27-22,sum,__WEFT_NULL__
row-decimal-27-23,guard,0
row-decimal-27-23,sum,0.00000000000000000000001
row-decimal-27-23,guard,5
row-decimal-27-23,sum,__WEFT_NULL__
row-decimal-27-24,guard,0
row-decimal-27-24,sum,0.000000000000000000000001
row-decimal-27-24,guard,5
row-decimal-27-24,sum,__WEFT_NULL__
row-decimal-27-25,guard,0
row-decimal-27-25,sum,0.0000000000000000000000001
row-decimal-27-25,guard,5
row-decimal-27-25,sum,__WEFT_NULL__
row-decimal-27-26,guard,0
row-decimal-27-26,sum,0.00000000000000000000000001
row-decimal-27-26,guard,5
row-decimal-27-26,sum,__WEFT_NULL__
row-decimal-27-27,guard,0
row-decimal-27-27,sum,0.000000000000000000000000001
row-decimal-27-27,guard,5
row-decimal-27-27,sum,__WEFT_NULL__
row-decimal-28-0,guard,0
row-decimal-28-0,sum,1
row-decimal-28-0,guard,5
row-decimal-28-0,sum,__WEFT_NULL__
row-decimal-28-1,guard,0
row-decimal-28-1,sum,0.1
row-decimal-28-1,guard,5
row-decimal-28-1,sum,__WEFT_NULL__
row-decimal-28-2,guard,0
row-decimal-28-2,sum,0.01
row-decimal-28-2,guard,5
row-decimal-28-2,sum,__WEFT_NULL__
row-decimal-28-3,guard,0
row-decimal-28-3,sum,0.001
row-decimal-28-3,guard,5
row-decimal-28-3,sum,__WEFT_NULL__
row-decimal-28-4,guard,0
row-decimal-28-4,sum,0.0001
row-decimal-28-4,guard,5
row-decimal-28-4,sum,__WEFT_NULL__
row-decimal-28-5,guard,0
row-decimal-28-5,sum,0.00001
row-decimal-28-5,guard,5
row-decimal-28-5,sum,__WEFT_NULL__
row-decimal-28-6,guard,0
row-decimal-28-6,sum,0.000001
row-decimal-28-6,guard,5
row-decimal-28-6,sum,__WEFT_NULL__
row-decimal-28-7,guard,0
row-decimal-28-7,sum,0.0000001
row-decimal-28-7,guard,5
row-decimal-28-7,sum,__WEFT_NULL__
row-decimal-28-8,guard,0
row-decimal-28-8,sum,0.00000001
row-decimal-28-8,guard,5
row-decimal-28-8,sum,__WEFT_NULL__
row-decimal-28-9,guard,0
row-decimal-28-9,sum,0.000000001
row-decimal-28-9,guard,5
row-decimal-28-9,sum,__WEFT_NULL__
row-decimal-28-10,guard,0
row-decimal-28-10,sum,0.0000000001
row-decimal-28-10,guard,5
row-decimal-28-10,sum,__WEFT_NULL__
row-decimal-28-11,guard,0
row-decimal-28-11,sum,0.00000000001
row-decimal-28-11,guard,5
row-decimal-28-11,sum,__WEFT_NULL__
row-decimal-28-12,guard,0
row-decimal-28-12,sum,0.000000000001
row-decimal-28-12,guard,5
row-decimal-28-12,sum,__WEFT_NULL__
row-decimal-28-13,guard,0
row-decimal-28-13,sum,0.0000000000001
row-decimal-28-13,guard,5
row-decimal-28-13,sum,__WEFT_NULL__
row-decimal-28-14,guard,0
row-decimal-28-14,sum,0.00000000000001
row-decimal-28-14,guard,5
row-decimal-28-14,sum,__WEFT_NULL__
row-decimal-28-15,guard,0
row-decimal-28-15,sum,0.000000000000001
row-decimal-28-15,guard,5
row-decimal-28-15,sum,__WEFT_NULL__
row-decimal-28-16,guard,0
row-decimal-28-16,sum,0.0000000000000001
row-decimal-28-16,guard,5
row-decimal-28-16,sum,__WEFT_NULL__
row-decimal-28-17,guard,0
row-decimal-28-17,sum,0.00000000000000001
row-decimal-28-17,guard,5
row-decimal-28-17,sum,__WEFT_NULL__
row-decimal-28-18,guard,0
row-decimal-28-18,sum,0.000000000000000001
row-decimal-28-18,guard,5
row-decimal-28-18,sum,__WEFT_NULL__
row-decimal-28-19,guard,0
row-decimal-28-19,sum,0.0000000000000000001
row-decimal-28-19,guard,5
row-decimal-28-19,sum,__WEFT_NULL__
row-decimal-28-20,guard,0
row-decimal-28-20,sum,0.00000000000000000001
row-decimal-28-20,guard,5
row-decimal-28-20,sum,__WEFT_NULL__
row-decimal-28-21,guard,0
row-decimal-28-21,sum,0.000000000000000000001
row-decimal-28-21,guard,5
row-decimal-28-21,sum,__WEFT_NULL__
row-decimal-28-22,guard,0
row-decimal-28-22,sum,0.0000000000000000000001
row-decimal-28-22,guard,5
row-decimal-28-22,sum,__WEFT_NULL__
row-decimal-28-23,guard,0
row-decimal-28-23,sum,0.00000000000000000000001
row-decimal-28-23,guard,5
row-decimal-28-23,sum,__WEFT_NULL__
row-decimal-28-24,guard,0
row-decimal-28-24,sum,0.000000000000000000000001
row-decimal-28-24,guard,5
row-decimal-28-24,sum,__WEFT_NULL__
row-decimal-28-25,guard,0
row-decimal-28-25,sum,0.0000000000000000000000001
row-decimal-28-25,guard,5
row-decimal-28-25,sum,__WEFT_NULL__
row-decimal-28-26,guard,0
row-decimal-28-26,sum,0.00000000000000000000000001
row-decimal-28-26,guard,5
row-decimal-28-26,sum,__WEFT_NULL__
row-decimal-28-27,guard,0
row-decimal-28-27,sum,0.000000000000000000000000001
row-decimal-28-27,guard,5
row-decimal-28-27,sum,__WEFT_NULL__
row-decimal-28-28,guard,0
row-decimal-28-28,sum,0.0000000000000000000000000001
row-decimal-28-28,guard,5
row-decimal-28-28,sum,__WEFT_NULL__
row-integer-1-False,guard,0
row-integer-1-False,sum,2
row-integer-1-False,guard,5
row-integer-1-False,sum,__WEFT_NULL__
row-integer-2-False,guard,0
row-integer-2-False,sum,6
row-integer-2-False,guard,5
row-integer-2-False,sum,__WEFT_NULL__
row-integer-3-False,guard,0
row-integer-3-False,sum,14
row-integer-3-False,guard,5
row-integer-3-False,sum,__WEFT_NULL__
row-integer-4-False,guard,0
row-integer-4-False,sum,30
row-integer-4-False,guard,5
row-integer-4-False,sum,__WEFT_NULL__
row-integer-5-False,guard,0
row-integer-5-False,sum,62
row-integer-5-False,guard,5
row-integer-5-False,sum,__WEFT_NULL__
row-integer-6-False,guard,0
row-integer-6-False,sum,126
row-integer-6-False,guard,5
row-integer-6-False,sum,__WEFT_NULL__
row-integer-7-False,guard,0
row-integer-7-False,sum,254
row-integer-7-False,guard,5
row-integer-7-False,sum,__WEFT_NULL__
row-integer-8-False,guard,0
row-integer-8-False,sum,510
row-integer-8-False,guard,5
row-integer-8-False,sum,__WEFT_NULL__
row-integer-9-False,guard,0
row-integer-9-False,sum,1022
row-integer-9-False,guard,5
row-integer-9-False,sum,__WEFT_NULL__
row-integer-10-False,guard,0
row-integer-10-False,sum,2046
row-integer-10-False,guard,5
row-integer-10-False,sum,__WEFT_NULL__
row-integer-11-False,guard,0
row-integer-11-False,sum,4094
row-integer-11-False,guard,5
row-integer-11-False,sum,__WEFT_NULL__
row-integer-12-False,guard,0
row-integer-12-False,sum,8190
row-integer-12-False,guard,5
row-integer-12-False,sum,__WEFT_NULL__
row-integer-13-False,guard,0
row-integer-13-False,sum,16382
row-integer-13-False,guard,5
row-integer-13-False,sum,__WEFT_NULL__
row-integer-14-False,guard,0
row-integer-14-False,sum,32766
row-integer-14-False,guard,5
row-integer-14-False,sum,__WEFT_NULL__
row-integer-15-False,guard,0
row-integer-15-False,sum,65534
row-integer-15-False,guard,5
row-integer-15-False,sum,__WEFT_NULL__
row-integer-16-False,guard,0
row-integer-16-False,sum,131070
row-integer-16-False,guard,5
row-integer-16-False,sum,__WEFT_NULL__
row-integer-17-False,guard,0
row-integer-17-False,sum,262142
row-integer-17-False,guard,5
row-integer-17-False,sum,__WEFT_NULL__
row-integer-18-False,guard,0
row-integer-18-False,sum,524286
row-integer-18-False,guard,5
row-integer-18-False,sum,__WEFT_NULL__
row-integer-19-False,guard,0
row-integer-19-False,sum,1048574
row-integer-19-False,guard,5
row-integer-19-False,sum,__WEFT_NULL__
row-integer-20-False,guard,0
row-integer-20-False,sum,2097150
row-integer-20-False,guard,5
row-integer-20-False,sum,__WEFT_NULL__
row-integer-21-False,guard,0
row-integer-21-False,sum,4194302
row-integer-21-False,guard,5
row-integer-21-False,sum,__WEFT_NULL__
row-integer-22-False,guard,0
row-integer-22-False,sum,8388606
row-integer-22-False,guard,5
row-integer-22-False,sum,__WEFT_NULL__
row-integer-23-False,guard,0
row-integer-23-False,sum,16777214
row-integer-23-False,guard,5
row-integer-23-False,sum,__WEFT_NULL__
row-integer-24-False,guard,0
row-integer-24-False,sum,33554430
row-integer-24-False,guard,5
row-integer-24-False,sum,__WEFT_NULL__
row-integer-25-False,guard,0
row-integer-25-False,sum,67108862
row-integer-25-False,guard,5
row-integer-25-False,sum,__WEFT_NULL__
row-integer-26-False,guard,0
row-integer-26-False,sum,134217726
row-integer-26-False,guard,5
row-integer-26-False,sum,__WEFT_NULL__
row-integer-27-False,guard,0
row-integer-27-False,sum,268435454
row-integer-27-False,guard,5
row-integer-27-False,sum,__WEFT_NULL__
row-integer-28-False,guard,0
row-integer-28-False,sum,536870910
row-integer-28-False,guard,5
row-integer-28-False,sum,__WEFT_NULL__
row-integer-29-False,guard,0
row-integer-29-False,sum,1073741822
row-integer-29-False,guard,5
row-integer-29-False,sum,__WEFT_NULL__
row-integer-30-False,guard,0
row-integer-30-False,sum,2147483646
row-integer-30-False,guard,5
row-integer-30-False,sum,__WEFT_NULL__
row-integer-31-False,guard,0
row-integer-31-False,sum,4294967294
row-integer-31-False,guard,5
row-integer-31-False,sum,__WEFT_NULL__
row-integer-32-False,guard,0
row-integer-32-False,sum,8589934590
row-integer-32-False,guard,5
row-integer-32-False,sum,__WEFT_NULL__
row-integer-33-False,guard,0
row-integer-33-False,sum,17179869182
row-integer-33-False,guard,5
row-integer-33-False,sum,__WEFT_NULL__
row-integer-34-False,guard,0
row-integer-34-False,sum,34359738366
row-integer-34-False,guard,5
row-integer-34-False,sum,__WEFT_NULL__
row-integer-35-False,guard,0
row-integer-35-False,sum,68719476734
row-integer-35-False,guard,5
row-integer-35-False,sum,__WEFT_NULL__
row-integer-36-False,guard,0
row-integer-36-False,sum,137438953470
row-integer-36-False,guard,5
row-integer-36-False,sum,__WEFT_NULL__
row-integer-37-False,guard,0
row-integer-37-False,sum,274877906942
row-integer-37-False,guard,5
row-integer-37-False,sum,__WEFT_NULL__
row-integer-38-False,guard,0
row-integer-38-False,sum,549755813886
row-integer-38-False,guard,5
row-integer-38-False,sum,__WEFT_NULL__
row-integer-39-False,guard,0
row-integer-39-False,sum,1099511627774
row-integer-39-False,guard,5
row-integer-39-False,sum,__WEFT_NULL__
row-integer-40-False,guard,0
row-integer-40-False,sum,2199023255550
row-integer-40-False,guard,5
row-integer-40-False,sum,__WEFT_NULL__
row-integer-41-False,guard,0
row-integer-41-False,sum,4398046511102
row-integer-41-False,guard,5
row-integer-41-False,sum,__WEFT_NULL__
row-integer-42-False,guard,0
row-integer-42-False,sum,8796093022206
row-integer-42-False,guard,5
row-integer-42-False,sum,__WEFT_NULL__
row-integer-43-False,guard,0
row-integer-43-False,sum,17592186044414
row-integer-43-False,guard,5
row-integer-43-False,sum,__WEFT_NULL__
row-integer-44-False,guard,0
row-integer-44-False,sum,35184372088830
row-integer-44-False,guard,5
row-integer-44-False,sum,__WEFT_NULL__
row-integer-45-False,guard,0
row-integer-45-False,sum,70368744177662
row-integer-45-False,guard,5
row-integer-45-False,sum,__WEFT_NULL__
row-integer-46-False,guard,0
row-integer-46-False,sum,140737488355326
row-integer-46-False,guard,5
row-integer-46-False,sum,__WEFT_NULL__
row-integer-47-False,guard,0
row-integer-47-False,sum,281474976710654
row-integer-47-False,guard,5
row-integer-47-False,sum,__WEFT_NULL__
row-integer-48-False,guard,0
row-integer-48-False,sum,562949953421310
row-integer-48-False,guard,5
row-integer-48-False,sum,__WEFT_NULL__
row-integer-49-False,guard,0
row-integer-49-False,sum,1125899906842622
row-integer-49-False,guard,5
row-integer-49-False,sum,__WEFT_NULL__
row-integer-50-False,guard,0
row-integer-50-False,sum,2251799813685246
row-integer-50-False,guard,5
row-integer-50-False,sum,__WEFT_NULL__
row-integer-51-False,guard,0
row-integer-51-False,sum,4503599627370494
row-integer-51-False,guard,5
row-integer-51-False,sum,__WEFT_NULL__
row-integer-52-False,guard,0
row-integer-52-False,sum,9007199254740990
row-integer-52-False,guard,5
row-integer-52-False,sum,__WEFT_NULL__
row-integer-53-False,guard,0
row-integer-53-False,sum,18014398509481982
row-integer-53-False,guard,5
row-integer-53-False,sum,__WEFT_NULL__
row-integer-54-False,guard,0
row-integer-54-False,sum,36028797018963966
row-integer-54-False,guard,5
row-integer-54-False,sum,__WEFT_NULL__
row-integer-55-False,guard,0
row-integer-55-False,sum,72057594037927934
row-integer-55-False,guard,5
row-integer-55-False,sum,__WEFT_NULL__
row-integer-56-False,guard,0
row-integer-56-False,sum,144115188075855870
row-integer-56-False,guard,5
row-integer-56-False,sum,__WEFT_NULL__
row-integer-57-False,guard,0
row-integer-57-False,sum,288230376151711742
row-integer-57-False,guard,5
row-integer-57-False,sum,__WEFT_NULL__
row-integer-58-False,guard,0
row-integer-58-False,sum,576460752303423486
row-integer-58-False,guard,5
row-integer-58-False,sum,__WEFT_NULL__
row-integer-59-False,guard,0
row-integer-59-False,sum,1152921504606846974
row-integer-59-False,guard,5
row-integer-59-False,sum,__WEFT_NULL__
row-integer-60-False,guard,0
row-integer-60-False,sum,2305843009213693950
row-integer-60-False,guard,5
row-integer-60-False,sum,__WEFT_NULL__
row-integer-61-False,guard,0
row-integer-61-False,sum,4611686018427387902
row-integer-61-False,guard,5
row-integer-61-False,sum,__WEFT_NULL__
row-integer-62-False,guard,0
row-integer-62-False,sum,9223372036854775806
row-integer-62-False,guard,5
row-integer-62-False,sum,__WEFT_NULL__
row-integer-63-False,guard,0
row-integer-63-False,sum,18446744073709551614
row-integer-63-False,guard,5
row-integer-63-False,sum,__WEFT_NULL__
row-integer-64-False,guard,0
row-integer-64-False,sum,36893488147419103230
row-integer-64-False,guard,5
row-integer-64-False,sum,__WEFT_NULL__
row-integer-1-True,guard,0
row-integer-1-True,sum,-2
row-integer-1-True,guard,5
row-integer-1-True,sum,__WEFT_NULL__
row-integer-2-True,guard,0
row-integer-2-True,sum,-2
row-integer-2-True,guard,5
row-integer-2-True,sum,__WEFT_NULL__
row-integer-3-True,guard,0
row-integer-3-True,sum,-2
row-integer-3-True,guard,5
row-integer-3-True,sum,__WEFT_NULL__
row-integer-4-True,guard,0
row-integer-4-True,sum,-2
row-integer-4-True,guard,5
row-integer-4-True,sum,__WEFT_NULL__
row-integer-5-True,guard,0
row-integer-5-True,sum,-2
row-integer-5-True,guard,5
row-integer-5-True,sum,__WEFT_NULL__
row-integer-6-True,guard,0
row-integer-6-True,sum,-2
row-integer-6-True,guard,5
row-integer-6-True,sum,__WEFT_NULL__
row-integer-7-True,guard,0
row-integer-7-True,sum,-2
row-integer-7-True,guard,5
row-integer-7-True,sum,__WEFT_NULL__
row-integer-8-True,guard,0
row-integer-8-True,sum,-2
row-integer-8-True,guard,5
row-integer-8-True,sum,__WEFT_NULL__
row-integer-9-True,guard,0
row-integer-9-True,sum,-2
row-integer-9-True,guard,5
row-integer-9-True,sum,__WEFT_NULL__
row-integer-10-True,guard,0
row-integer-10-True,sum,-2
row-integer-10-True,guard,5
row-integer-10-True,sum,__WEFT_NULL__
row-integer-11-True,guard,0
row-integer-11-True,sum,-2
row-integer-11-True,guard,5
row-integer-11-True,sum,__WEFT_NULL__
row-integer-12-True,guard,0
row-integer-12-True,sum,-2
row-integer-12-True,guard,5
row-integer-12-True,sum,__WEFT_NULL__
row-integer-13-True,guard,0
row-integer-13-True,sum,-2
row-integer-13-True,guard,5
row-integer-13-True,sum,__WEFT_NULL__
row-integer-14-True,guard,0
row-integer-14-True,sum,-2
row-integer-14-True,guard,5
row-integer-14-True,sum,__WEFT_NULL__
row-integer-15-True,guard,0
row-integer-15-True,sum,-2
row-integer-15-True,guard,5
row-integer-15-True,sum,__WEFT_NULL__
row-integer-16-True,guard,0
row-integer-16-True,sum,-2
row-integer-16-True,guard,5
row-integer-16-True,sum,__WEFT_NULL__
row-integer-17-True,guard,0
row-integer-17-True,sum,-2
row-integer-17-True,guard,5
row-integer-17-True,sum,__WEFT_NULL__
row-integer-18-True,guard,0
row-integer-18-True,sum,-2
row-integer-18-True,guard,5
row-integer-18-True,sum,__WEFT_NULL__
row-integer-19-True,guard,0
row-integer-19-True,sum,-2
row-integer-19-True,guard,5
row-integer-19-True,sum,__WEFT_NULL__
row-integer-20-True,guard,0
row-integer-20-True,sum,-2
row-integer-20-True,guard,5
row-integer-20-True,sum,__WEFT_NULL__
row-integer-21-True,guard,0
row-integer-21-True,sum,-2
row-integer-21-True,guard,5
row-integer-21-True,sum,__WEFT_NULL__
row-integer-22-True,guard,0
row-integer-22-True,sum,-2
row-integer-22-True,guard,5
row-integer-22-True,sum,__WEFT_NULL__
row-integer-23-True,guard,0
row-integer-23-True,sum,-2
row-integer-23-True,guard,5
row-integer-23-True,sum,__WEFT_NULL__
row-integer-24-True,guard,0
row-integer-24-True,sum,-2
row-integer-24-True,guard,5
row-integer-24-True,sum,__WEFT_NULL__
row-integer-25-True,guard,0
row-integer-25-True,sum,-2
row-integer-25-True,guard,5
row-integer-25-True,sum,__WEFT_NULL__
row-integer-26-True,guard,0
row-integer-26-True,sum,-2
row-integer-26-True,guard,5
row-integer-26-True,sum,__WEFT_NULL__
row-integer-27-True,guard,0
row-integer-27-True,sum,-2
row-integer-27-True,guard,5
row-integer-27-True,sum,__WEFT_NULL__
row-integer-28-True,guard,0
row-integer-28-True,sum,-2
row-integer-28-True,guard,5
row-integer-28-True,sum,__WEFT_NULL__
row-integer-29-True,guard,0
row-integer-29-True,sum,-2
row-integer-29-True,guard,5
row-integer-29-True,sum,__WEFT_NULL__
row-integer-30-True,guard,0
row-integer-30-True,sum,-2
row-integer-30-True,guard,5
row-integer-30-True,sum,__WEFT_NULL__
row-integer-31-True,guard,0
row-integer-31-True,sum,-2
row-integer-31-True,guard,5
row-integer-31-True,sum,__WEFT_NULL__
row-integer-32-True,guard,0
row-integer-32-True,sum,-2
row-integer-32-True,guard,5
row-integer-32-True,sum,__WEFT_NULL__
row-integer-33-True,guard,0
row-integer-33-True,sum,-2
row-integer-33-True,guard,5
row-integer-33-True,sum,__WEFT_NULL__
row-integer-34-True,guard,0
row-integer-34-True,sum,-2
row-integer-34-True,guard,5
row-integer-34-True,sum,__WEFT_NULL__
row-integer-35-True,guard,0
row-integer-35-True,sum,-2
row-integer-35-True,guard,5
row-integer-35-True,sum,__WEFT_NULL__
row-integer-36-True,guard,0
row-integer-36-True,sum,-2
row-integer-36-True,guard,5
row-integer-36-True,sum,__WEFT_NULL__
row-integer-37-True,guard,0
row-integer-37-True,sum,-2
row-integer-37-True,guard,5
row-integer-37-True,sum,__WEFT_NULL__
row-integer-38-True,guard,0
row-integer-38-True,sum,-2
row-integer-38-True,guard,5
row-integer-38-True,sum,__WEFT_NULL__
row-integer-39-True,guard,0
row-integer-39-True,sum,-2
row-integer-39-True,guard,5
row-integer-39-True,sum,__WEFT_NULL__
row-integer-40-True,guard,0
row-integer-40-True,sum,-2
row-integer-40-True,guard,5
row-integer-40-True,sum,__WEFT_NULL__
row-integer-41-True,guard,0
row-integer-41-True,sum,-2
row-integer-41-True,guard,5
row-integer-41-True,sum,__WEFT_NULL__
row-integer-42-True,guard,0
row-integer-42-True,sum,-2
row-integer-42-True,guard,5
row-integer-42-True,sum,__WEFT_NULL__
row-integer-43-True,guard,0
row-integer-43-True,sum,-2
row-integer-43-True,guard,5
row-integer-43-True,sum,__WEFT_NULL__
row-integer-44-True,guard,0
row-integer-44-True,sum,-2
row-integer-44-True,guard,5
row-integer-44-True,sum,__WEFT_NULL__
row-integer-45-True,guard,0
row-integer-45-True,sum,-2
row-integer-45-True,guard,5
row-integer-45-True,sum,__WEFT_NULL__
row-integer-46-True,guard,0
row-integer-46-True,sum,-2
row-integer-46-True,guard,5
row-integer-46-True,sum,__WEFT_NULL__
row-integer-47-True,guard,0
row-integer-47-True,sum,-2
row-integer-47-True,guard,5
row-integer-47-True,sum,__WEFT_NULL__
row-integer-48-True,guard,0
row-integer-48-True,sum,-2
row-integer-48-True,guard,5
row-integer-48-True,sum,__WEFT_NULL__
row-integer-49-True,guard,0
row-integer-49-True,sum,-2
row-integer-49-True,guard,5
row-integer-49-True,sum,__WEFT_NULL__
row-integer-50-True,guard,0
row-integer-50-True,sum,-2
row-integer-50-True,guard,5
row-integer-50-True,sum,__WEFT_NULL__
row-integer-51-True,guard,0
row-integer-51-True,sum,-2
row-integer-51-True,guard,5
row-integer-51-True,sum,__WEFT_NULL__
row-integer-52-True,guard,0
row-integer-52-True,sum,-2
row-integer-52-True,guard,5
row-integer-52-True,sum,__WEFT_NULL__
row-integer-53-True,guard,0
row-integer-53-True,sum,-2
row-integer-53-True,guard,5
row-integer-53-True,sum,__WEFT_NULL__
row-integer-54-True,guard,0
row-integer-54-True,sum,-2
row-integer-54-True,guard,5
row-integer-54-True,sum,__WEFT_NULL__
row-integer-55-True,guard,0
row-integer-55-True,sum,-2
row-integer-55-True,guard,5
row-integer-55-True,sum,__WEFT_NULL__
row-integer-56-True,guard,0
row-integer-56-True,sum,-2
row-integer-56-True,guard,5
row-integer-56-True,sum,__WEFT_NULL__
row-integer-57-True,guard,0
row-integer-57-True,sum,-2
row-integer-57-True,guard,5
row-integer-57-True,sum,__WEFT_NULL__
row-integer-58-True,guard,0
row-integer-58-True,sum,-2
row-integer-58-True,guard,5
row-integer-58-True,sum,__WEFT_NULL__
row-integer-59-True,guard,0
row-integer-59-True,sum,-2
row-integer-59-True,guard,5
row-integer-59-True,sum,__WEFT_NULL__
row-integer-60-True,guard,0
row-integer-60-True,sum,-2
row-integer-60-True,guard,5
row-integer-60-True,sum,__WEFT_NULL__
row-integer-61-True,guard,0
row-integer-61-True,sum,-2
row-integer-61-True,guard,5
row-integer-61-True,sum,__WEFT_NULL__
row-integer-62-True,guard,0
row-integer-62-True,sum,-2
row-integer-62-True,guard,5
row-integer-62-True,sum,__WEFT_NULL__
row-integer-63-True,guard,0
row-integer-63-True,sum,-2
row-integer-63-True,guard,5
row-integer-63-True,sum,__WEFT_NULL__
row-integer-64-True,guard,0
row-integer-64-True,sum,-2
row-integer-64-True,guard,5
row-integer-64-True,sum,__WEFT_NULL__
